,video_name,length
0,20220314_1.04_1_0_blurred.mp4,732
1,20220314_1.04_1_1_blurred.mp4,720
2,20220314_1.04_1_2_blurred.mp4,720
3,20220314_1.04_1_3_blurred.mp4,720
4,20220314_1.04_1_4_blurred.mp4,720
5,20220314_1.04_1_5_blurred.mp4,720
6,20220314_1.04_1_6_blurred.mp4,720
7,20220314_1.04_1_7_blurred.mp4,720
8,20220314_1.04_1_8_blurred.mp4,720
9,20220314_1.04_1_9_blurred.mp4,720
10,20220314_1.04_1_10_blurred.mp4,720
11,20220314_1.04_1_11_blurred.mp4,720
12,20220314_1.04_1_12_blurred.mp4,720
13,20220314_1.04_1_13_blurred.mp4,720
14,20220314_1.04_1_14_blurred.mp4,720
15,20220314_1.04_1_15_blurred.mp4,720
16,20220314_1.04_1_16_blurred.mp4,720
17,20220314_1.04_1_17_blurred.mp4,720
18,20220314_1.04_1_18_blurred.mp4,720
19,20220314_1.04_1_19_blurred.mp4,720
20,20220314_1.04_1_20_blurred.mp4,720
21,20220314_1.04_1_21_blurred.mp4,720
22,20220314_1.04_1_22_blurred.mp4,720
23,20220314_1.04_1_23_blurred.mp4,720
24,20220314_1.04_1_24_blurred.mp4,720
25,20220314_1.04_1_25_blurred.mp4,720
26,20220314_1.04_1_26_blurred.mp4,720
27,20220314_1.04_1_27_blurred.mp4,720
28,20220314_1.04_1_28_blurred.mp4,720
29,20220314_1.04_1_29_blurred.mp4,720
30,20220314_1.04_1_30_blurred.mp4,720
31,20220314_1.04_1_31_blurred.mp4,720
32,20220314_1.04_1_32_blurred.mp4,721
33,20220314_1.04_1_33_blurred.mp4,720
34,20220314_1.04_1_34_blurred.mp4,720
35,20220314_1.04_1_35_blurred.mp4,720
36,20220314_1.04_1_36_blurred.mp4,720
37,20220314_1.04_1_37_blurred.mp4,720
38,20220314_1.04_1_38_blurred.mp4,720
39,20220314_1.04_1_39_blurred.mp4,720
40,20220314_1.04_1_40_blurred.mp4,720
41,20220314_1.04_1_41_blurred.mp4,720
42,20220314_1.04_1_42_blurred.mp4,720
43,20220314_1.04_1_43_blurred.mp4,720
44,20220314_1.04_1_44_blurred.mp4,720
45,20220314_1.04_1_45_blurred.mp4,720
46,20220314_1.04_1_46_blurred.mp4,720
47,20220314_1.04_1_47_blurred.mp4,720
48,20220314_1.04_1_48_blurred.mp4,720
49,20220314_1.04_1_49_blurred.mp4,720
50,20220314_1.04_1_50_blurred.mp4,720
51,20220314_1.04_1_51_blurred.mp4,720
52,20220314_1.04_1_52_blurred.mp4,720
53,20220314_1.04_1_53_blurred.mp4,720
54,20220314_1.04_1_54_blurred.mp4,720
55,20220314_1.04_1_55_blurred.mp4,720
56,20220314_1.04_1_56_blurred.mp4,720
57,20220314_1.04_1_57_blurred.mp4,720
58,20220314_1.04_1_58_blurred.mp4,720
59,20220314_1.04_1_59_blurred.mp4,720
60,20220314_1.04_1_60_blurred.mp4,720
61,20220314_1.04_1_61_blurred.mp4,720
62,20220314_1.04_1_62_blurred.mp4,720
63,20220314_1.04_1_63_blurred.mp4,720
64,20220314_1.04_1_64_blurred.mp4,720
65,20220314_1.04_1_65_blurred.mp4,720
66,20220314_1.04_1_66_blurred.mp4,720
67,20220314_1.04_1_67_blurred.mp4,720
68,20220314_1.04_1_68_blurred.mp4,720
69,20220314_1.04_1_69_blurred.mp4,720
70,20220314_1.04_1_70_blurred.mp4,720
71,20220314_1.04_1_71_blurred.mp4,720
72,20220314_1.04_1_72_blurred.mp4,720
73,20220314_1.04_1_73_blurred.mp4,480
74,20220314_1.04_2_0_blurred.mp4,732
75,20220314_1.04_2_1_blurred.mp4,720
76,20220314_1.04_2_2_blurred.mp4,720
77,20220314_1.04_2_3_blurred.mp4,720
78,20220314_1.04_2_4_blurred.mp4,720
79,20220314_1.04_2_5_blurred.mp4,720
80,20220314_1.04_2_6_blurred.mp4,720
81,20220314_1.04_2_7_blurred.mp4,720
82,20220314_1.04_2_8_blurred.mp4,720
83,20220314_1.04_2_9_blurred.mp4,720
84,20220314_1.04_2_10_blurred.mp4,720
85,20220314_1.04_2_11_blurred.mp4,720
86,20220314_1.04_2_12_blurred.mp4,720
87,20220314_1.04_2_13_blurred.mp4,720
88,20220314_1.04_2_14_blurred.mp4,720
89,20220314_1.04_2_15_blurred.mp4,720
90,20220314_1.04_2_16_blurred.mp4,720
91,20220314_1.04_2_17_blurred.mp4,720
92,20220314_1.04_2_18_blurred.mp4,720
93,20220314_1.04_2_19_blurred.mp4,720
94,20220314_1.04_2_20_blurred.mp4,720
95,20220314_1.04_2_21_blurred.mp4,720
96,20220314_1.04_2_22_blurred.mp4,720
97,20220314_1.04_2_23_blurred.mp4,720
98,20220314_1.04_2_24_blurred.mp4,720
99,20220314_1.04_2_25_blurred.mp4,720
100,20220314_1.04_2_26_blurred.mp4,720
101,20220314_1.04_2_27_blurred.mp4,720
102,20220314_1.04_2_28_blurred.mp4,720
103,20220314_1.04_2_29_blurred.mp4,720
104,20220314_1.04_2_30_blurred.mp4,720
105,20220314_1.04_2_31_blurred.mp4,720
106,20220314_1.04_2_32_blurred.mp4,720
107,20220314_1.04_2_33_blurred.mp4,720
108,20220314_1.04_2_34_blurred.mp4,720
109,20220314_1.04_2_35_blurred.mp4,720
110,20220314_1.04_2_36_blurred.mp4,720
111,20220314_1.04_2_37_blurred.mp4,720
112,20220314_1.04_2_38_blurred.mp4,720
113,20220314_1.04_2_39_blurred.mp4,720
114,20220314_1.04_2_40_blurred.mp4,720
115,20220314_1.04_2_41_blurred.mp4,720
116,20220314_1.04_2_42_blurred.mp4,720
117,20220314_1.04_2_43_blurred.mp4,720
118,20220314_1.04_2_44_blurred.mp4,718
119,20220314_1.04_2_45_blurred.mp4,720
120,20220314_1.04_2_46_blurred.mp4,720
121,20220314_1.04_2_47_blurred.mp4,720
122,20220314_1.04_2_48_blurred.mp4,720
123,20220314_1.04_2_49_blurred.mp4,720
124,20220314_1.04_2_50_blurred.mp4,720
125,20220314_1.04_2_51_blurred.mp4,720
126,20220314_1.04_2_52_blurred.mp4,720
127,20220314_1.04_2_53_blurred.mp4,720
128,20220314_1.04_2_54_blurred.mp4,720
129,20220314_1.04_2_55_blurred.mp4,720
130,20220314_1.04_2_56_blurred.mp4,720
131,20220314_1.04_2_57_blurred.mp4,720
132,20220314_1.04_2_58_blurred.mp4,720
133,20220314_1.04_2_59_blurred.mp4,720
134,20220314_1.04_2_60_blurred.mp4,600
135,20220314_1.04_3_0_blurred.mp4,732
136,20220314_1.04_3_1_blurred.mp4,720
137,20220314_1.04_3_2_blurred.mp4,720
138,20220314_1.04_3_3_blurred.mp4,720
139,20220314_1.04_3_4_blurred.mp4,720
140,20220314_1.04_3_5_blurred.mp4,720
141,20220314_1.04_3_6_blurred.mp4,720
142,20220314_1.04_3_7_blurred.mp4,720
143,20220314_1.04_3_8_blurred.mp4,720
144,20220314_1.04_3_9_blurred.mp4,720
145,20220314_1.04_3_10_blurred.mp4,720
146,20220314_1.04_3_11_blurred.mp4,720
147,20220314_1.04_3_12_blurred.mp4,720
148,20220314_1.04_3_13_blurred.mp4,720
149,20220314_1.04_3_14_blurred.mp4,720
150,20220314_1.04_3_15_blurred.mp4,720
151,20220314_1.04_3_16_blurred.mp4,720
152,20220314_1.04_3_17_blurred.mp4,720
153,20220314_1.04_3_18_blurred.mp4,720
154,20220314_1.04_3_19_blurred.mp4,720
155,20220314_1.04_3_20_blurred.mp4,720
156,20220314_1.04_3_21_blurred.mp4,720
157,20220314_1.04_3_22_blurred.mp4,720
158,20220314_1.04_3_23_blurred.mp4,720
159,20220314_1.04_3_24_blurred.mp4,720
160,20220314_1.04_3_25_blurred.mp4,720
161,20220314_1.04_3_26_blurred.mp4,720
162,20220314_1.04_3_27_blurred.mp4,720
163,20220314_1.04_3_28_blurred.mp4,720
164,20220314_1.04_3_29_blurred.mp4,720
165,20220314_1.04_3_30_blurred.mp4,720
166,20220314_1.04_3_31_blurred.mp4,720
167,20220314_1.04_3_32_blurred.mp4,720
168,20220314_1.04_3_33_blurred.mp4,720
169,20220314_1.04_3_34_blurred.mp4,720
170,20220314_1.04_3_35_blurred.mp4,720
171,20220314_1.04_3_36_blurred.mp4,720
172,20220314_1.04_3_37_blurred.mp4,720
173,20220314_1.04_3_38_blurred.mp4,720
174,20220314_1.04_3_39_blurred.mp4,720
175,20220314_1.04_3_40_blurred.mp4,720
176,20220314_1.04_3_41_blurred.mp4,720
177,20220314_1.04_3_42_blurred.mp4,720
178,20220314_1.04_3_43_blurred.mp4,720
179,20220314_1.04_3_44_blurred.mp4,720
180,20220314_1.04_3_45_blurred.mp4,720
181,20220314_1.04_3_46_blurred.mp4,720
182,20220314_1.04_3_47_blurred.mp4,720
183,20220314_1.04_3_48_blurred.mp4,720
184,20220314_1.04_3_49_blurred.mp4,720
185,20220314_1.04_3_50_blurred.mp4,720
186,20220314_1.04_3_51_blurred.mp4,720
187,20220314_1.04_3_52_blurred.mp4,720
188,20220314_1.04_3_53_blurred.mp4,720
189,20220314_1.04_3_54_blurred.mp4,720
190,20220314_1.04_3_55_blurred.mp4,720
191,20220314_1.04_3_56_blurred.mp4,720
192,20220314_1.04_3_57_blurred.mp4,720
193,20220314_1.04_3_58_blurred.mp4,720
194,20220314_1.04_3_59_blurred.mp4,672
195,20220314_1.04_4_0_blurred.mp4,732
196,20220314_1.04_4_1_blurred.mp4,720
197,20220314_1.04_4_2_blurred.mp4,720
198,20220314_1.04_4_3_blurred.mp4,720
199,20220314_1.04_4_4_blurred.mp4,720
200,20220314_1.04_4_5_blurred.mp4,710
201,20220314_1.04_4_6_blurred.mp4,720
202,20220314_1.04_4_7_blurred.mp4,720
203,20220314_1.04_4_8_blurred.mp4,720
204,20220314_1.04_4_9_blurred.mp4,720
205,20220314_1.04_4_10_blurred.mp4,720
206,20220314_1.04_4_11_blurred.mp4,720
207,20220314_1.04_4_12_blurred.mp4,720
208,20220314_1.04_4_13_blurred.mp4,720
209,20220314_1.04_4_14_blurred.mp4,720
210,20220314_1.04_4_15_blurred.mp4,732
211,20220314_1.04_4_16_blurred.mp4,720
212,20220314_1.04_4_17_blurred.mp4,720
213,20220314_1.04_4_18_blurred.mp4,720
214,20220314_1.04_4_19_blurred.mp4,720
215,20220314_1.04_4_20_blurred.mp4,720
216,20220314_1.04_4_21_blurred.mp4,720
217,20220314_1.04_4_22_blurred.mp4,720
218,20220314_1.04_4_23_blurred.mp4,720
219,20220314_1.04_4_24_blurred.mp4,720
220,20220314_1.04_4_25_blurred.mp4,720
221,20220314_1.04_4_26_blurred.mp4,720
222,20220314_1.04_4_27_blurred.mp4,720
223,20220314_1.04_4_28_blurred.mp4,720
224,20220314_1.04_4_29_blurred.mp4,720
225,20220314_1.04_4_30_blurred.mp4,720
226,20220314_1.04_4_31_blurred.mp4,720
227,20220314_1.04_4_32_blurred.mp4,720
228,20220314_1.04_4_33_blurred.mp4,720
229,20220314_1.04_4_34_blurred.mp4,720
230,20220314_1.04_4_35_blurred.mp4,720
231,20220314_1.04_4_36_blurred.mp4,720
232,20220314_1.04_4_37_blurred.mp4,720
233,20220314_1.04_4_38_blurred.mp4,720
234,20220314_1.04_4_39_blurred.mp4,720
235,20220314_1.04_4_40_blurred.mp4,720
236,20220314_1.04_4_41_blurred.mp4,720
237,20220314_1.04_4_42_blurred.mp4,720
238,20220314_1.04_4_43_blurred.mp4,720
239,20220314_1.04_4_44_blurred.mp4,720
240,20220314_1.04_4_45_blurred.mp4,720
241,20220314_1.04_4_46_blurred.mp4,720
242,20220314_1.04_4_47_blurred.mp4,720
243,20220314_1.04_4_48_blurred.mp4,720
244,20220314_1.04_4_49_blurred.mp4,720
245,20220314_1.04_4_50_blurred.mp4,720
246,20220314_1.04_4_51_blurred.mp4,720
247,20220314_1.04_4_52_blurred.mp4,720
248,20220314_1.04_4_53_blurred.mp4,720
249,20220314_1.04_4_54_blurred.mp4,720
250,20220314_1.04_4_55_blurred.mp4,720
251,20220314_1.04_4_56_blurred.mp4,720
252,20220314_1.04_4_57_blurred.mp4,720
253,20220314_1.04_4_58_blurred.mp4,720
254,20220314_1.04_4_59_blurred.mp4,720
255,20220314_1.04_4_60_blurred.mp4,492
256,20220314_1.04_5_0_blurred.mp4,732
257,20220314_1.04_5_1_blurred.mp4,720
258,20220314_1.04_5_2_blurred.mp4,720
259,20220314_1.04_5_3_blurred.mp4,720
260,20220314_1.04_5_4_blurred.mp4,720
261,20220314_1.04_5_5_blurred.mp4,720
262,20220314_1.04_5_6_blurred.mp4,720
263,20220314_1.04_5_7_blurred.mp4,720
264,20220314_1.04_5_8_blurred.mp4,720
265,20220314_1.04_5_9_blurred.mp4,720
266,20220314_1.04_5_10_blurred.mp4,720
267,20220314_1.04_5_11_blurred.mp4,720
268,20220314_1.04_5_12_blurred.mp4,720
269,20220314_1.04_5_13_blurred.mp4,720
270,20220314_1.04_5_14_blurred.mp4,720
271,20220314_1.04_5_15_blurred.mp4,720
272,20220314_1.04_5_16_blurred.mp4,720
273,20220314_1.04_5_17_blurred.mp4,720
274,20220314_1.04_5_18_blurred.mp4,720
275,20220314_1.04_5_19_blurred.mp4,720
276,20220314_1.04_5_20_blurred.mp4,720
277,20220314_1.04_5_21_blurred.mp4,720
278,20220314_1.04_5_22_blurred.mp4,720
279,20220314_1.04_5_23_blurred.mp4,720
280,20220314_1.04_5_24_blurred.mp4,720
281,20220314_1.04_5_25_blurred.mp4,720
282,20220314_1.04_5_26_blurred.mp4,720
283,20220314_1.04_5_27_blurred.mp4,720
284,20220314_1.04_5_28_blurred.mp4,720
285,20220314_1.04_5_29_blurred.mp4,720
286,20220314_1.04_5_30_blurred.mp4,720
287,20220314_1.04_5_31_blurred.mp4,720
288,20220314_1.04_5_32_blurred.mp4,720
289,20220314_1.04_5_33_blurred.mp4,720
290,20220314_1.04_5_34_blurred.mp4,720
291,20220314_1.04_5_35_blurred.mp4,720
292,20220314_1.04_5_36_blurred.mp4,720
293,20220314_1.04_5_37_blurred.mp4,720
294,20220314_1.04_5_38_blurred.mp4,720
295,20220314_1.04_5_39_blurred.mp4,720
296,20220314_1.04_5_40_blurred.mp4,720
297,20220314_1.04_5_41_blurred.mp4,720
298,20220314_1.04_5_42_blurred.mp4,720
299,20220314_1.04_5_43_blurred.mp4,720
300,20220314_1.04_5_44_blurred.mp4,720
301,20220314_1.04_5_45_blurred.mp4,722
302,20220314_1.04_5_46_blurred.mp4,720
303,20220314_1.04_5_47_blurred.mp4,720
304,20220314_1.04_5_48_blurred.mp4,720
305,20220314_1.04_5_49_blurred.mp4,720
306,20220314_1.04_5_50_blurred.mp4,720
307,20220314_1.04_5_51_blurred.mp4,720
308,20220314_1.04_5_52_blurred.mp4,720
309,20220314_1.04_5_53_blurred.mp4,720
310,20220314_1.04_5_54_blurred.mp4,720
311,20220314_1.04_5_55_blurred.mp4,720
312,20220314_1.04_5_56_blurred.mp4,720
313,20220314_1.04_5_57_blurred.mp4,720
314,20220314_1.04_5_58_blurred.mp4,720
315,20220314_1.04_5_59_blurred.mp4,720
316,20220314_1.04_5_60_blurred.mp4,720
317,20220314_1.04_5_61_blurred.mp4,108
318,20220314_1.04_6_0_blurred.mp4,732
319,20220314_1.04_6_1_blurred.mp4,720
320,20220314_1.04_6_2_blurred.mp4,720
321,20220314_1.04_6_3_blurred.mp4,720
322,20220314_1.04_6_4_blurred.mp4,720
323,20220314_1.04_6_5_blurred.mp4,720
324,20220314_1.04_6_6_blurred.mp4,720
325,20220314_1.04_6_7_blurred.mp4,720
326,20220314_1.04_6_8_blurred.mp4,720
327,20220314_1.04_6_9_blurred.mp4,720
328,20220314_1.04_6_10_blurred.mp4,720
329,20220314_1.04_6_11_blurred.mp4,720
330,20220314_1.04_6_12_blurred.mp4,720
331,20220314_1.04_6_13_blurred.mp4,720
332,20220314_1.04_6_14_blurred.mp4,720
333,20220314_1.04_6_15_blurred.mp4,720
334,20220314_1.04_6_16_blurred.mp4,720
335,20220314_1.04_6_17_blurred.mp4,720
336,20220314_1.04_6_18_blurred.mp4,720
337,20220314_1.04_6_19_blurred.mp4,720
338,20220314_1.04_6_20_blurred.mp4,720
339,20220314_1.04_6_21_blurred.mp4,720
340,20220314_1.04_6_22_blurred.mp4,720
341,20220314_1.04_6_23_blurred.mp4,720
342,20220314_1.04_6_24_blurred.mp4,720
343,20220314_1.04_6_25_blurred.mp4,720
344,20220314_1.04_6_26_blurred.mp4,720
345,20220314_1.04_6_27_blurred.mp4,720
346,20220314_1.04_6_28_blurred.mp4,720
347,20220314_1.04_6_29_blurred.mp4,720
348,20220314_1.04_6_30_blurred.mp4,720
349,20220314_1.04_6_31_blurred.mp4,720
350,20220314_1.04_6_32_blurred.mp4,720
351,20220314_1.04_6_33_blurred.mp4,720
352,20220314_1.04_6_34_blurred.mp4,720
353,20220314_1.04_6_35_blurred.mp4,720
354,20220314_1.04_6_36_blurred.mp4,720
355,20220314_1.04_6_37_blurred.mp4,720
356,20220314_1.04_6_38_blurred.mp4,720
357,20220314_1.04_6_39_blurred.mp4,720
358,20220314_1.04_6_40_blurred.mp4,720
359,20220314_1.04_6_41_blurred.mp4,720
360,20220314_1.04_6_42_blurred.mp4,720
361,20220314_1.04_6_43_blurred.mp4,720
362,20220314_1.04_6_44_blurred.mp4,720
363,20220314_1.04_6_45_blurred.mp4,720
364,20220314_1.04_6_46_blurred.mp4,720
365,20220314_1.04_6_47_blurred.mp4,720
366,20220314_1.04_6_48_blurred.mp4,720
367,20220314_1.04_6_49_blurred.mp4,720
368,20220314_1.04_6_50_blurred.mp4,720
369,20220314_1.04_6_51_blurred.mp4,720
370,20220314_1.04_6_52_blurred.mp4,720
371,20220314_1.04_6_53_blurred.mp4,718
372,20220314_1.04_6_54_blurred.mp4,720
373,20220314_1.04_6_55_blurred.mp4,720
374,20220314_1.04_6_56_blurred.mp4,720
375,20220314_1.04_6_57_blurred.mp4,720
376,20220314_1.04_6_58_blurred.mp4,720
377,20220314_1.04_6_59_blurred.mp4,720
378,20220314_1.04_6_60_blurred.mp4,132
379,20220314_1.04_7_0_blurred.mp4,732
380,20220314_1.04_7_1_blurred.mp4,720
381,20220314_1.04_7_2_blurred.mp4,720
382,20220314_1.04_7_3_blurred.mp4,720
383,20220314_1.04_7_4_blurred.mp4,720
384,20220314_1.04_7_5_blurred.mp4,720
385,20220314_1.04_7_6_blurred.mp4,720
386,20220314_1.04_7_7_blurred.mp4,720
387,20220314_1.04_7_8_blurred.mp4,720
388,20220314_1.04_7_9_blurred.mp4,720
389,20220314_1.04_7_10_blurred.mp4,720
390,20220314_1.04_7_11_blurred.mp4,720
391,20220314_1.04_7_12_blurred.mp4,720
392,20220314_1.04_7_13_blurred.mp4,720
393,20220314_1.04_7_14_blurred.mp4,720
394,20220314_1.04_7_15_blurred.mp4,720
395,20220314_1.04_7_16_blurred.mp4,720
396,20220314_1.04_7_17_blurred.mp4,720
397,20220314_1.04_7_18_blurred.mp4,720
398,20220314_1.04_7_19_blurred.mp4,720
399,20220314_1.04_7_20_blurred.mp4,720
400,20220314_1.04_7_21_blurred.mp4,720
401,20220314_1.04_7_22_blurred.mp4,720
402,20220314_1.04_7_23_blurred.mp4,720
403,20220314_1.04_7_24_blurred.mp4,720
404,20220314_1.04_7_25_blurred.mp4,720
405,20220314_1.04_7_26_blurred.mp4,720
406,20220314_1.04_7_27_blurred.mp4,720
407,20220314_1.04_7_28_blurred.mp4,720
408,20220314_1.04_7_29_blurred.mp4,720
409,20220314_1.04_7_30_blurred.mp4,720
410,20220314_1.04_7_31_blurred.mp4,720
411,20220314_1.04_7_32_blurred.mp4,720
412,20220314_1.04_7_33_blurred.mp4,720
413,20220314_1.04_7_34_blurred.mp4,720
414,20220314_1.04_7_35_blurred.mp4,720
415,20220314_1.04_7_36_blurred.mp4,720
416,20220314_1.04_7_37_blurred.mp4,720
417,20220314_1.04_7_38_blurred.mp4,720
418,20220314_1.04_7_39_blurred.mp4,720
419,20220314_1.04_7_40_blurred.mp4,720
420,20220314_1.04_7_41_blurred.mp4,720
421,20220314_1.04_7_42_blurred.mp4,720
422,20220314_1.04_7_43_blurred.mp4,720
423,20220314_1.04_7_44_blurred.mp4,720
424,20220314_1.04_7_45_blurred.mp4,720
425,20220314_1.04_7_46_blurred.mp4,720
426,20220314_1.04_7_47_blurred.mp4,720
427,20220314_1.04_7_48_blurred.mp4,720
428,20220314_1.04_7_49_blurred.mp4,720
429,20220314_1.04_7_50_blurred.mp4,720
430,20220314_1.04_7_51_blurred.mp4,720
431,20220314_1.04_7_52_blurred.mp4,720
432,20220314_1.04_7_53_blurred.mp4,720
433,20220314_1.04_7_54_blurred.mp4,720
434,20220314_1.04_7_55_blurred.mp4,672
435,20220314_1.04_8_0_blurred.mp4,732
436,20220314_1.04_8_1_blurred.mp4,720
437,20220314_1.04_8_2_blurred.mp4,720
438,20220314_1.04_8_3_blurred.mp4,720
439,20220314_1.04_8_4_blurred.mp4,720
440,20220314_1.04_8_5_blurred.mp4,720
441,20220314_1.04_8_6_blurred.mp4,720
442,20220314_1.04_8_7_blurred.mp4,720
443,20220314_1.04_8_8_blurred.mp4,720
444,20220314_1.04_8_9_blurred.mp4,720
445,20220314_1.04_8_10_blurred.mp4,720
446,20220314_1.04_8_11_blurred.mp4,720
447,20220314_1.04_8_12_blurred.mp4,720
448,20220314_1.04_8_13_blurred.mp4,720
449,20220314_1.04_8_14_blurred.mp4,720
450,20220314_1.04_8_15_blurred.mp4,720
451,20220314_1.04_8_16_blurred.mp4,720
452,20220314_1.04_8_17_blurred.mp4,720
453,20220314_1.04_8_18_blurred.mp4,720
454,20220314_1.04_8_19_blurred.mp4,720
455,20220314_1.04_8_20_blurred.mp4,720
456,20220314_1.04_8_21_blurred.mp4,720
457,20220314_1.04_8_22_blurred.mp4,720
458,20220314_1.04_8_23_blurred.mp4,720
459,20220314_1.04_8_24_blurred.mp4,720
460,20220314_1.04_8_25_blurred.mp4,720
461,20220314_1.04_8_26_blurred.mp4,720
462,20220314_1.04_8_27_blurred.mp4,720
463,20220314_1.04_8_28_blurred.mp4,715
464,20220314_1.04_8_29_blurred.mp4,709
465,20220314_1.04_8_30_blurred.mp4,720
466,20220314_1.04_8_31_blurred.mp4,720
467,20220314_1.04_8_32_blurred.mp4,720
468,20220314_1.04_8_33_blurred.mp4,720
469,20220314_1.04_8_34_blurred.mp4,687
470,20220314_1.04_8_35_blurred.mp4,705
471,20220314_1.04_8_36_blurred.mp4,720
472,20220314_1.04_8_37_blurred.mp4,720
473,20220314_1.04_8_38_blurred.mp4,720
474,20220314_1.04_8_39_blurred.mp4,720
475,20220314_1.04_8_40_blurred.mp4,720
476,20220314_1.04_8_41_blurred.mp4,720
477,20220314_1.04_8_42_blurred.mp4,720
478,20220314_1.04_8_43_blurred.mp4,720
479,20220314_1.04_8_44_blurred.mp4,720
480,20220314_1.04_8_45_blurred.mp4,720
481,20220314_1.04_8_46_blurred.mp4,720
482,20220314_1.04_8_47_blurred.mp4,720
483,20220314_1.04_8_48_blurred.mp4,720
484,20220314_1.04_8_49_blurred.mp4,720
485,20220314_1.04_8_50_blurred.mp4,720
486,20220314_1.04_8_51_blurred.mp4,720
487,20220314_1.04_8_52_blurred.mp4,720
488,20220314_1.04_8_53_blurred.mp4,720
489,20220314_1.04_8_54_blurred.mp4,720
490,20220314_1.04_8_55_blurred.mp4,720
491,20220314_1.04_8_56_blurred.mp4,720
492,20220314_1.04_8_57_blurred.mp4,720
493,20220314_1.04_8_58_blurred.mp4,720
494,20220314_1.04_8_59_blurred.mp4,720
495,20220314_1.04_8_60_blurred.mp4,720
496,20220314_1.04_8_61_blurred.mp4,720
497,20220314_1.04_8_62_blurred.mp4,720
498,20220314_1.04_8_63_blurred.mp4,720
499,20220314_1.04_8_64_blurred.mp4,720
500,20220314_1.04_8_65_blurred.mp4,720
501,20220314_1.04_8_66_blurred.mp4,720
502,20220314_1.04_8_67_blurred.mp4,720
503,20220314_1.04_8_68_blurred.mp4,720
504,20220314_1.04_8_69_blurred.mp4,720
505,20220314_1.04_8_70_blurred.mp4,720
506,20220314_1.04_8_71_blurred.mp4,504
