video_name,frame_id,xmin,ymin,xmax,ymax,velocity,customer_id,x_floorplan,y_floorplan,new_customer_id,camera,x_floorplan_new,y_floorplan_new,time,customer_id_global
20220314_1.03_12_16_blurred,365,188.9470069,504.2496942,316.8217414,624.0691914,1.372,1188,-363.7443605,-49.88130587,12161188,1.03,1091.574899,1387.896668,16:30:27,12161188
20220314_1.03_12_16_blurred,365,653.2488727,232.4295326,733.3332557,331.5153139,0.024,1192,-359.6023191,-48.18190927,12161192,1.03,1226.650136,1430.701461,16:30:27,12161192
20220314_1.03_12_16_blurred,365,275.7689839,507.9139453,382.8325237,596.7736615,1.387,1191,-363.2443443,-49.89366752,12161191,1.03,1107.880821,1387.5853,16:30:27,12161191
20220314_1.03_12_16_blurred,365,213.3732031,336.713356,406.5427116,591.6617877,1.45,1185,-363.3632146,-50.11970703,12161185,1.03,1104.004367,1381.891765,16:30:27,12161185
20220314_1.03_12_16_blurred,366,179.2476775,491.6710301,310.6406736,615.9899084,1.449,1188,-363.7470646,-49.74086243,12161188,1.03,1091.486718,1391.43419,16:30:27,12161188
20220314_1.03_12_16_blurred,366,275.356109,492.6514548,381.510877,582.7535371,1.226,1191,-363.239195,-49.76630906,12161191,1.03,1108.048747,1390.793234,16:30:27,12161191
20220314_1.03_12_16_blurred,366,221.1914924,333.8511779,399.1330258,579.0514977,1.799,1185,-363.3518747,-49.91107377,12161185,1.03,1104.37417,1387.146867,16:30:27,12161185
20220314_1.03_12_16_blurred,367,168.4873273,479.883392,306.370646,613.1041805,1.421,1188,-363.7559639,-49.61855043,12161188,1.03,1091.196503,1394.515012,16:30:27,12161188
20220314_1.03_12_16_blurred,367,270.557587,480.0168859,381.8589932,576.7320773,1.406,1191,-363.2347102,-49.65282588,12161191,1.03,1108.194997,1393.651674,16:30:27,12161191
20220314_1.03_12_16_blurred,367,224.5169301,335.3431435,392.6233029,574.4112038,1.553,1185,-363.3423203,-49.74458032,12161185,1.03,1104.685746,1391.340543,16:30:27,12161185
20220314_1.03_12_16_blurred,368,160.3146486,468.1436519,306.3066876,612.7054879,1.415,1188,-363.765945,-49.51721777,12161188,1.03,1090.871012,1397.067403,16:30:27,12161188
20220314_1.03_12_16_blurred,368,266.6566026,467.7173294,370.3423509,557.9880591,1.281,1191,-363.2268529,-49.48423826,12161191,1.03,1108.451232,1397.898098,16:30:27,12161191
20220314_1.03_12_16_blurred,368,229.9033332,344.5693823,377.4850531,557.3127258,1.877,1185,-363.3280806,-49.54137381,12161185,1.03,1105.150115,1396.458955,16:30:27,12161185
20220314_1.03_12_16_blurred,369,159.4940691,457.3775715,306.8646997,607.254098,1.376,1188,-363.7688906,-49.42225607,12161188,1.03,1090.774954,1399.45932,16:30:27,12161188
20220314_1.03_12_16_blurred,369,259.3895597,455.464572,365.5020201,549.9152546,1.482,1191,-363.2251928,-49.3444354,12161191,1.03,1108.505368,1401.419485,16:30:27,12161191
20220314_1.03_12_16_blurred,369,225.5841026,338.9367036,368.2753725,548.4616017,1.612,1185,-363.3234875,-49.36429906,12161185,1.03,1105.299899,1400.919154,16:30:27,12161185
20220314_2.05_4_51_blurred,674,338.1650117,76.43919597,363.9046201,150.7822649,0,1692,-364.0302667,-46.2700641,4511692,2.05,1133.910839,1629.539456,16:30:27,44416406
20220314_2.05_4_51_blurred,675,338.1635074,76.39500607,363.9191859,150.8021568,0,1692,-364.0302667,-46.2700641,4511692,2.05,1133.910839,1629.539456,16:30:27,44416406
20220314_2.05_4_51_blurred,676,338.161584,76.3828258,363.9170679,150.8119843,0,1692,-364.0302667,-46.2700641,4511692,2.05,1133.910839,1629.539456,16:30:27,44416406
20220314_2.05_4_51_blurred,677,338.1641507,76.37212093,363.9194004,150.8270154,0,1692,-364.0302667,-46.2700641,4511692,2.05,1133.910839,1629.539456,16:30:27,44416406
20220314_2.05_4_51_blurred,678,338.154753,76.3530378,363.9027217,150.8145889,0,1692,-364.0302667,-46.2700641,4511692,2.05,1133.910839,1629.539456,16:30:27,44416406
20220314_1.03_12_16_blurred,370,164.255439,445.7511806,303.3255151,589.9103323,1.378,1188,-363.7604398,-49.28778482,12161188,1.03,1091.050542,1402.846413,16:30:28,12161188
20220314_1.03_12_16_blurred,370,218.8298458,318.3756515,369.3100843,546.9034399,1.901,1185,-363.3185035,-49.21919151,12161185,1.03,1105.462431,1404.574157,16:30:28,12161185
20220314_1.03_12_16_blurred,371,166.790058,434.5517937,300.5420291,575.2571224,1.359,1188,-363.7483127,-49.15490152,12161188,1.03,1091.446016,1406.193508,16:30:28,12161188
20220314_1.03_12_16_blurred,371,200.5231324,285.8955918,366.3160495,544.316439,1.598,1185,-363.3327973,-49.07789209,12161185,1.03,1104.9963,1408.133239,16:30:28,12161185
20220314_1.03_12_16_blurred,371,242.3503032,433.2029841,362.5271692,544.0817556,1.328,1191,-363.2345642,-49.1983949,12161191,1.03,1108.199758,1405.097987,16:30:28,12161191
20220314_1.03_12_16_blurred,372,164.7248886,422.8528565,302.0143541,570.0138004,1.343,1188,-363.7374609,-49.04260587,12161188,1.03,1091.799902,1409.022037,16:30:28,12161188
20220314_1.03_12_16_blurred,372,240.5187784,417.228316,361.9216977,532.9089527,1.423,1191,-363.2270202,-49.0486097,12161191,1.03,1108.445776,1408.870811,16:30:28,12161191
20220314_1.03_12_16_blurred,373,162.5036881,411.2978617,296.8132143,556.8412235,1.332,1188,-363.7259623,-48.89341669,12161188,1.03,1092.17488,1412.779848,16:30:28,12161188
20220314_1.03_12_16_blurred,373,239.4812699,398.6882292,361.4704037,518.6478087,1.341,1191,-363.215192,-48.88513409,12161191,1.03,1108.831502,1412.988472,16:30:28,12161191
20220314_1.03_12_16_blurred,373,653.2315398,231.8434539,733.6758132,331.4661711,0.025,1192,-359.6030733,-48.18340339,12161192,1.03,1226.625543,1430.663827,16:30:28,12161192
20220314_1.03_12_16_blurred,374,160.3569405,400.3950325,292.4977441,545.5137508,1.368,1188,-363.7150809,-48.7511042,12161188,1.03,1092.52973,1416.364448,16:30:28,12161188
20220314_1.03_12_16_blurred,374,242.0815487,389.6097503,359.4492498,508.0622329,1.405,1191,-363.1980313,-48.73272749,12161191,1.03,1109.391125,1416.827325,16:30:28,12161191
20220314_1.03_12_16_blurred,374,653.3570832,231.9946706,733.5351899,331.3141864,0.026,1192,-359.6035774,-48.18448278,12161192,1.03,1226.609103,1430.636639,16:30:28,12161192
20220314_1.03_12_16_blurred,375,151.141057,388.8063657,287.5785998,541.6869653,1.339,1188,-363.7169151,-48.61897792,12161188,1.03,1092.469916,1419.692475,16:30:28,12161188
20220314_1.03_12_16_blurred,375,234.2743295,375.4106505,359.4137664,504.8400865,1.34,1191,-363.1911622,-48.59682378,12161191,1.03,1109.615133,1420.250498,16:30:28,12161191
20220314_1.03_12_16_blurred,375,653.4813182,232.0715848,733.3578361,331.0263069,0.026,1192,-359.6039967,-48.18534034,12161192,1.03,1226.59543,1430.615038,16:30:28,12161192
20220314_1.03_12_16_blurred,376,144.361139,376.7586949,287.0110122,542.1389957,1.328,1188,-363.7219461,-48.5206587,12161188,1.03,1092.30585,1422.168962,16:30:28,12161188
20220314_1.03_12_16_blurred,376,216.3549912,344.7998237,358.8244609,496.8432991,1.394,1191,-363.1912032,-48.44136019,12161191,1.03,1109.613796,1424.166351,16:30:28,12161191
20220314_1.03_12_16_blurred,376,653.4795253,231.7486426,733.3948149,330.7708547,0.016,1192,-359.6008022,-48.17997465,12161192,1.03,1226.699603,1430.75019,16:30:28,12161192
20220314_2.05_4_51_blurred,679,338.1564563,76.35151788,363.8951437,150.8152124,0,1692,-364.0302667,-46.2700641,4511692,2.05,1133.910839,1629.539456,16:30:28,44416406
20220314_2.05_4_51_blurred,680,338.1429369,76.16531336,363.9230915,150.8159328,0,1692,-364.0302667,-46.2700641,4511692,2.05,1133.910839,1629.539456,16:30:28,44416406
20220314_2.05_4_51_blurred,681,338.1424699,76.08571165,363.9330552,150.835614,0,1692,-364.0302667,-46.2700641,4511692,2.05,1133.910839,1629.539456,16:30:28,44416406
20220314_2.05_4_51_blurred,682,338.1529958,76.06630703,363.9312082,150.8432923,0,1692,-364.0302667,-46.2700641,4511692,2.05,1133.910839,1629.539456,16:30:28,44416406
20220314_2.05_4_51_blurred,683,338.1621513,76.04860196,363.9256778,150.8504239,0,1692,-364.0302667,-46.2700641,4511692,2.05,1133.910839,1629.539456,16:30:28,44416406
20220314_2.05_4_51_blurred,685,336.7773856,74.9664489,363.7536232,153.4138288,0.068,1692,-363.9896927,-46.26395497,4511692,2.05,1135.213881,1629.735057,16:30:28,44416406
20220314_1.03_12_16_blurred,377,144.1646774,365.2074472,283.9937612,532.4827271,1.297,1188,-363.7181428,-48.3946759,12161188,1.03,1092.42988,1425.342246,16:30:29,12161188
20220314_1.03_12_16_blurred,377,215.4313772,351.4233758,344.2231507,493.0399287,1.364,1191,-363.2008604,-48.30957234,12161191,1.03,1109.298867,1427.485854,16:30:29,12161191
20220314_1.03_12_16_blurred,377,653.5518667,231.9338643,733.1142215,330.5293596,0.014,1192,-359.5998766,-48.17847103,12161192,1.03,1226.729788,1430.788064,16:30:29,12161192
20220314_1.03_12_16_blurred,378,144.6187699,353.4149875,281.5118402,521.9458371,1.306,1188,-363.711493,-48.26508218,12161188,1.03,1092.646736,1428.606482,16:30:29,12161188
20220314_1.03_12_16_blurred,378,208.660544,348.7708816,335.6909682,491.9853827,1.386,1191,-363.2155227,-48.18589531,12161191,1.03,1108.820719,1430.601059,16:30:29,12161191
20220314_1.03_12_16_blurred,378,653.5533837,232.0379886,733.1656655,330.6922905,0.018,1192,-359.598502,-48.17617916,12161192,1.03,1226.774616,1430.845792,16:30:29,12161192
20220314_1.03_12_16_blurred,379,143.940544,343.4265144,279.4316253,514.5225229,1.26,1188,-363.7059075,-48.13986948,12161188,1.03,1092.828882,1431.760369,16:30:29,12161188
20220314_1.03_12_16_blurred,379,205.8812628,341.7225261,332.6317646,489.0166595,1.331,1191,-363.227504,-48.08198429,12161191,1.03,1108.429997,1433.218394,16:30:29,12161191
20220314_1.03_12_16_blurred,379,653.4953902,232.0770127,733.2685117,330.9502016,0.017,1192,-359.5977349,-48.17491336,12161192,1.03,1226.799633,1430.877675,16:30:29,12161192
20220314_1.03_12_16_blurred,380,156.8306647,376.3507272,263.261669,508.2251127,1.291,1188,-363.6985834,-48.02107881,12161188,1.03,1093.067727,1434.752495,16:30:29,12161188
20220314_1.03_12_16_blurred,380,230.7417735,375.4086403,322.1875151,482.1297022,1.33,1191,-363.2151522,-47.98449231,12161191,1.03,1108.832801,1435.674044,16:30:29,12161191
20220314_1.03_12_16_blurred,380,653.4526525,231.9545334,733.2703375,330.9035866,0.019,1192,-359.5970206,-48.1737269,12161192,1.03,1226.822925,1430.90756,16:30:29,12161192
20220314_1.03_12_16_blurred,381,158.6543937,391.2253883,251.6062929,505.3595106,1.252,1188,-363.7013042,-47.91172844,12161188,1.03,1092.979,1437.506838,16:30:29,12161188
20220314_1.03_12_16_blurred,381,247.4162357,390.6483025,316.9101665,471.1597075,1.278,1191,-363.1907855,-47.87274193,12161191,1.03,1109.627418,1438.488839,16:30:29,12161191
20220314_1.03_12_16_blurred,381,653.4616489,231.9485133,733.2361454,330.8844221,0.018,1192,-359.5965266,-48.17290921,12161192,1.03,1226.839034,1430.928156,16:30:29,12161192
20220314_1.04_5_6_blurred,13,323.3384535,639.1561279,526.8097521,718.9515869,0,1540,-362.9864374,-49.24639598,561540,1.04,1124.40849,1472.443468,16:30:29,23762964
20220314_1.04_5_6_blurred,14,295.5264459,619.7869406,547.3517316,719.0199461,0,1540,-363.0039356,-49.23877885,561540,1.04,1123.769247,1472.681362,16:30:29,23762964
20220314_2.05_4_51_blurred,687,336.2621682,74.5949815,363.6759148,154.4219238,0.146,1692,-363.9626004,-46.26301213,4511692,2.05,1136.083957,1629.765244,16:30:29,44416406
20220314_2.05_4_51_blurred,688,336.2565621,74.48734956,363.6056866,154.137668,0.168,1692,-363.9401894,-46.26067651,4511692,2.05,1136.803692,1629.840025,16:30:29,44416406
20220314_2.05_4_51_blurred,689,336.2410429,74.49013214,363.5960357,154.1791017,0.201,1692,-363.9237664,-46.25958887,4511692,2.05,1137.33112,1629.874849,16:30:29,44416406
20220314_2.05_4_51_blurred,690,336.2381049,74.5064432,363.5905874,154.2114518,0.204,1692,-363.9108697,-46.25845201,4511692,2.05,1137.7453,1629.911248,16:30:29,44416406
20220314_1.03_12_16_blurred,382,154.959511,390.917815,248.1172235,505.583655,1.281,1188,-363.70755,-47.82493687,12161188,1.03,1092.775318,1439.692964,16:30:30,12161188
20220314_1.03_12_16_blurred,382,249.294771,391.8626745,314.7107333,466.9779401,1.303,1191,-363.1724709,-47.77493769,12161191,1.03,1110.22467,1440.952355,16:30:30,12161191
20220314_1.03_12_16_blurred,383,152.5121564,386.6056191,247.7010851,505.0244289,1.187,1188,-363.7125711,-47.7559397,12161188,1.03,1092.611577,1441.43088,16:30:30,12161188
20220314_1.03_12_16_blurred,383,244.1839208,386.7387374,308.749897,460.6054698,1.254,1191,-363.1629542,-47.65742783,12161191,1.03,1110.535018,1443.91222,16:30:30,12161191
20220314_1.03_12_16_blurred,384,154.1698981,380.78715,247.7630283,498.5160802,1.219,1188,-363.7103844,-47.66705398,12161188,1.03,1092.682887,1443.669754,16:30:30,12161188
20220314_1.03_12_16_blurred,384,234.1627715,380.2602625,303.3281387,458.9909837,1.308,1191,-363.1673621,-47.55438977,12161191,1.03,1110.391272,1446.507566,16:30:30,12161191
20220314_1.03_12_16_blurred,384,653.518721,232.4517689,733.4218055,331.5657336,0.02,1192,-359.5996315,-48.17826144,12161192,1.03,1226.737782,1430.793343,16:30:30,12161192
20220314_1.03_12_16_blurred,385,156.3053558,372.6367859,247.7287866,488.5298841,1.156,1188,-363.6986618,-47.56549597,12161188,1.03,1093.06517,1446.227821,16:30:30,12161188
20220314_1.03_12_16_blurred,385,229.6912776,372.5328344,304.2093151,458.2448484,1.266,1191,-363.1697178,-47.47440116,12161191,1.03,1110.314451,1448.522338,16:30:30,12161191
20220314_1.03_12_16_blurred,385,653.4073084,231.9353822,733.4757218,331.3413929,0.024,1192,-359.6005013,-48.17977206,12161192,1.03,1226.709418,1430.755293,16:30:30,12161192
20220314_1.03_12_16_blurred,386,158.3834797,367.0120611,246.756829,479.4756883,1.165,1188,-363.685947,-47.45236459,12161188,1.03,1093.479809,1449.0774,16:30:30,12161188
20220314_1.03_12_16_blurred,386,224.2135298,364.8455514,303.9436226,457.7759278,1.292,1191,-363.1749519,-47.40192143,12161191,1.03,1110.143765,1450.347974,16:30:30,12161191
20220314_1.03_12_16_blurred,386,653.1327797,231.8346263,732.6203675,330.3914243,0.022,1192,-359.600456,-48.173376,12161192,1.03,1226.710894,1430.916399,16:30:30,12161192
20220314_1.03_12_16_blurred,387,168.1475809,377.1221384,246.2249114,476.5063673,1.129,1188,-363.6647128,-47.37398257,12161188,1.03,1094.172275,1451.051705,16:30:30,12161188
20220314_1.03_12_16_blurred,387,230.0665615,365.4970673,305.7083274,455.5823482,1.21,1191,-363.1689249,-47.34608249,12161191,1.03,1110.340307,1451.754458,16:30:30,12161191
20220314_1.03_12_16_blurred,387,653.416442,231.9084381,733.0163214,330.6317585,0.031,1192,-359.5985946,-48.17441293,12161192,1.03,1226.771596,1430.89028,16:30:30,12161192
20220314_1.03_12_16_blurred,388,168.540489,375.2445336,244.6485188,471.8123709,1.124,1188,-363.6505673,-47.27857957,12161188,1.03,1094.633569,1453.454737,16:30:30,12161188
20220314_1.03_12_16_blurred,388,235.8388566,367.1332981,303.8978861,448.9647332,1.22,1191,-363.1560625,-47.26744866,12161191,1.03,1110.75976,1453.735105,16:30:30,12161191
20220314_1.03_12_16_blurred,388,653.4899788,231.8067003,733.1964016,330.7077234,0.024,1192,-359.5979586,-48.17262544,12161192,1.03,1226.792335,1430.935304,16:30:30,12161192
20220314_1.04_5_6_blurred,15,250.3360674,592.4896918,565.0622819,718.4506105,0,1540,-363.056186,-49.19145572,561540,1.04,1121.860434,1474.159332,16:30:30,23762964
20220314_1.04_5_6_blurred,16,208.3351739,560.6784819,593.1714264,718.549415,0,1540,-363.0831869,-49.17018735,561540,1.04,1120.874035,1474.823574,16:30:30,23762964
20220314_1.04_5_6_blurred,17,175.4222188,531.0828735,618.5727632,718.768824,0,1540,-363.0985851,-49.15805832,561540,1.04,1120.311507,1475.202381,16:30:30,23762964
20220314_1.04_5_6_blurred,18,148.9649992,504.347431,636.738089,718.8332267,0,1540,-363.1139609,-49.14594695,561540,1.04,1119.749797,1475.580637,16:30:30,23762964
20220314_1.04_5_6_blurred,19,130.6831003,483.1701952,644.4129928,718.6385318,0,1540,-363.1331492,-49.13083249,561540,1.04,1119.048809,1476.052684,16:30:30,23762964
20220314_2.05_4_51_blurred,691,336.2408234,74.48164997,363.5799309,154.164039,0.215,1692,-363.9011239,-46.2577126,4511692,2.05,1138.058287,1629.934923,16:30:30,44416406
20220314_2.05_4_51_blurred,692,336.3148799,74.49331903,363.537547,153.8294725,0.197,1692,-363.9068239,-46.26064954,4511692,2.05,1137.875231,1629.840889,16:30:30,44416406
20220314_2.05_4_51_blurred,693,336.3466852,74.50819357,363.51724,153.6787514,0.189,1692,-363.9054759,-46.26138172,4511692,2.05,1137.918522,1629.817446,16:30:30,44416406
20220314_2.05_4_51_blurred,695,336.4293982,74.50879746,363.5031804,153.3586534,0.178,1692,-363.9069271,-46.2626052,4511692,2.05,1137.871917,1629.778273,16:30:30,44416406
20220314_1.03_12_16_blurred,389,160.7544228,363.4867997,240.5130851,464.517373,1.124,1188,-363.6443667,-47.16586139,12161188,1.03,1094.835777,1456.293909,16:30:31,12161188
20220314_1.03_12_16_blurred,389,232.7102113,338.4643293,311.9054612,437.3011442,1.176,1191,-363.1298799,-47.16515781,12161191,1.03,1111.613597,1456.311631,16:30:31,12161191
20220314_1.03_12_16_blurred,389,653.2590614,231.8826132,732.465438,330.0062341,0.033,1192,-359.5992627,-48.16970843,12161192,1.03,1226.749809,1431.008778,16:30:31,12161192
20220314_1.03_12_16_blurred,390,157.1565308,359.0866858,237.7918732,461.4754462,1.141,1188,-363.640839,-47.07045458,12161188,1.03,1094.950818,1458.697037,16:30:31,12161188
20220314_1.03_12_16_blurred,390,237.2407645,342.3526608,308.6478917,433.147319,1.157,1191,-363.1115675,-47.07980298,12161191,1.03,1112.210777,1458.461568,16:30:31,12161191
20220314_1.03_12_16_blurred,391,151.6400746,354.6711396,234.6884088,461.023555,1.084,1188,-363.6459125,-46.9899234,12161188,1.03,1094.785367,1460.725475,16:30:31,12161188
20220314_1.03_12_16_blurred,391,221.6679822,296.2418426,320.6705952,428.108873,1.124,1191,-363.0921595,-46.98321627,12161191,1.03,1112.843689,1460.894416,16:30:31,12161191
20220314_1.03_12_16_blurred,392,149.9090751,351.5591869,234.6328823,461.274163,1.089,1188,-363.6485459,-46.92777979,12161188,1.03,1094.699489,1462.290763,16:30:31,12161188
20220314_1.03_12_16_blurred,392,207.3347225,272.1790098,316.6233132,421.6105228,1.109,1191,-363.0918033,-46.85334892,12161191,1.03,1112.855305,1464.165545,16:30:31,12161191
20220314_1.03_12_16_blurred,393,151.3213103,348.2565986,234.7585085,457.3942645,1.034,1188,-363.6452165,-46.85812196,12161188,1.03,1094.808065,1464.04532,16:30:31,12161188
20220314_1.03_12_16_blurred,393,197.5311637,259.8038626,311.2500607,418.9357466,1.104,1191,-363.0963622,-46.73951193,12161191,1.03,1112.706635,1467.032897,16:30:31,12161191
20220314_1.04_5_6_blurred,20,115.4979165,464.5557691,642.5496093,716.9563205,0,1540,-363.1602486,-49.09720632,561540,1.04,1118.058814,1477.102878,16:30:31,23762964
20220314_1.04_5_6_blurred,20,196.6966263,532.5023438,360.4661056,719.1847656,0,1541,-363.5442588,-48.81301449,561541,1.04,1104.030138,1485.978603,16:30:31,23762965
20220314_1.04_5_6_blurred,21,105.3189853,445.4042231,623.4146923,705.7157512,0,1540,-363.1986591,-48.99861083,561540,1.04,1116.655602,1480.182159,16:30:31,23762964
20220314_1.04_5_6_blurred,21,189.4927029,515.313079,367.2783066,718.9433843,0,1541,-363.5429578,-48.80803019,561541,1.04,1104.077665,1486.13427,16:30:31,23762965
20220314_1.04_5_6_blurred,22,101.1123831,428.2655177,598.9748361,691.921863,0.58,1540,-363.2136137,-48.94256694,561540,1.04,1116.109277,1481.932492,16:30:31,23762964
20220314_1.04_5_6_blurred,22,180.0860121,492.1573341,376.1503027,718.7869918,0,1541,-363.5429578,-48.80803019,561541,1.04,1104.077665,1486.13427,16:30:31,23762965
20220314_1.04_5_6_blurred,24,99.11601942,388.054087,584.3694911,662.6462944,1.155,1540,-363.2084348,-48.88427553,561540,1.04,1116.298475,1483.753017,16:30:31,23762964
20220314_1.04_5_6_blurred,24,173.4940114,454.6292022,379.2767607,695.9094522,0,1541,-363.5197839,-48.68429657,561541,1.04,1104.924256,1489.998652,16:30:31,23762965
20220314_1.04_5_6_blurred,25,198.1914823,506.465599,347.7078788,680.1650187,0.458,1541,-363.517112,-48.6385263,561541,1.04,1105.021867,1491.428124,16:30:31,23762965
20220314_1.04_5_6_blurred,26,204.5295033,512.0056649,322.1708741,646.3650053,1.248,1541,-363.5129026,-48.56795793,561541,1.04,1105.175645,1493.632077,16:30:31,23762965
20220314_1.04_5_6_blurred,26,276.1951001,369.6239777,406.3442066,613.5904022,0,1542,-363.119112,-48.41637519,561542,1.04,1119.561619,1498.366227,16:30:31,23762966
20220314_1.03_12_16_blurred,394,154.6509507,344.7811141,233.3388727,448.2656714,1.009,1188,-363.6362973,-46.7592116,12161188,1.03,1095.098927,1466.536697,16:30:32,12161188
20220314_1.03_12_16_blurred,394,193.4351906,256.4654459,305.4908496,417.4285862,1.059,1191,-363.1074444,-46.63715144,12161191,1.03,1112.345235,1469.611177,16:30:32,12161191
20220314_1.03_12_16_blurred,395,157.4158909,340.4949885,231.5288455,437.9679191,0.99,1188,-363.6191779,-46.63664671,12161188,1.03,1095.657205,1469.62389,16:30:32,12161188
20220314_1.03_12_16_blurred,395,196.0776262,257.2862438,304.0765013,418.3467515,1.053,1191,-363.1118673,-46.57261919,12161191,1.03,1112.201002,1471.23663,16:30:32,12161191
20220314_1.03_12_16_blurred,396,164.7549594,346.9354344,230.2743314,432.2216648,1,1188,-363.5987354,-46.53699658,12161188,1.03,1096.323849,1472.1339,16:30:32,12161188
20220314_1.03_12_16_blurred,397,165.4286265,348.8408461,227.5696984,428.742567,0.994,1188,-363.5839855,-46.43284729,12161188,1.03,1096.804855,1474.757237,16:30:32,12161188
20220314_1.03_12_16_blurred,398,163.5935305,349.5918816,223.7286323,426.0982919,0.98,1188,-363.576527,-46.34262686,12161188,1.03,1097.048084,1477.029729,16:30:32,12161188
20220314_1.03_12_16_blurred,399,163.2825092,349.3915525,223.0313625,424.9770167,0.954,1188,-363.5668693,-46.26325642,12161188,1.03,1097.363029,1479.02893,16:30:32,12161188
20220314_1.03_12_16_blurred,400,165.6952415,347.0671936,222.9859273,418.6735114,0.934,1188,-363.5524554,-46.1681837,12161188,1.03,1097.833077,1481.423644,16:30:32,12161188
20220314_1.04_5_6_blurred,27,160.2184122,424.8682331,337.9072928,632.726976,1.337,1541,-363.5221905,-48.48769367,561541,1.04,1104.836337,1496.138847,16:30:32,23762965
20220314_1.04_5_6_blurred,27,263.8654593,350.478023,407.580553,619.8562739,0.21,1542,-363.1381212,-48.42528163,561542,1.04,1118.867172,1498.088066,16:30:32,23762966
20220314_1.04_5_6_blurred,28,148.6197676,397.5926595,338.409698,626.0610899,1.628,1541,-363.5290106,-48.41806714,561541,1.04,1104.587187,1498.313385,16:30:32,23762965
20220314_1.04_5_6_blurred,28,288.8491476,418.2240606,380.2494755,585.2946658,0.927,1542,-363.1164586,-48.35290532,561542,1.04,1119.658551,1500.348484,16:30:32,23762966
20220314_1.04_5_6_blurred,29,143.5433472,379.280844,336.2120151,618.6299833,1.596,1541,-363.5360779,-48.34668173,561541,1.04,1104.329003,1500.542855,16:30:32,23762965
20220314_1.04_5_6_blurred,30,147.0060582,361.6982838,323.1889589,586.6662001,2.042,1541,-363.5308946,-48.22866093,561541,1.04,1104.518361,1504.228817,16:30:32,23762965
20220314_1.04_5_6_blurred,31,147.5924443,350.226076,316.1858759,570.8713312,2.047,1541,-363.5291938,-48.12448013,561541,1.04,1104.580493,1507.482535,16:30:32,23762965
20220314_1.04_5_6_blurred,31,284.8405794,438.5418281,355.123743,565.9252492,1.101,1542,-363.1236877,-48.27169877,561542,1.04,1119.394457,1502.884682,16:30:32,23762966
20220314_1.03_12_16_blurred,401,653.3483863,231.7201196,733.5769739,331.1577491,0.024,1192,-359.6008556,-48.17682831,12161192,1.03,1226.697862,1430.829441,16:30:33,12161192
20220314_1.03_12_16_blurred,402,653.419603,231.7355975,733.6838758,331.2002422,0.038,1192,-359.6018207,-48.17822844,12161192,1.03,1226.666389,1430.794174,16:30:33,12161192
20220314_1.03_12_16_blurred,402,175.349543,339.6016579,230.5278589,409.5549715,0.932,1188,-363.5164723,-46.06877994,12161188,1.03,1099.006515,1483.927449,16:30:33,12161188
20220314_1.03_12_16_blurred,403,653.4530297,232.0069133,733.5686803,331.2888093,0.019,1192,-359.6026726,-48.18106573,12161192,1.03,1226.63861,1430.722708,16:30:33,12161192
20220314_1.03_12_16_blurred,403,180.5361905,337.9879484,231.4176837,403.107852,0.931,1188,-363.485759,-45.96891011,12161188,1.03,1100.0081,1486.442993,16:30:33,12161188
20220314_1.03_12_16_blurred,404,653.4733495,232.0981038,733.5677221,331.2966769,0.038,1192,-359.6032779,-48.18247748,12161192,1.03,1226.618869,1430.687149,16:30:33,12161192
20220314_1.03_12_16_blurred,404,184.5700948,336.4202771,234.0305865,400.6027366,0.949,1188,-363.4503707,-45.89050982,12161188,1.03,1101.162138,1488.417758,16:30:33,12161188
20220314_1.03_12_16_blurred,405,653.4748549,231.9346469,733.4992142,331.0185416,0.017,1192,-359.6037634,-48.18389313,12161192,1.03,1226.603036,1430.651491,16:30:33,12161192
20220314_1.04_5_6_blurred,33,143.0789423,332.88961,297.5694808,539.4848037,2.526,1541,-363.5266472,-47.96539176,561541,1.04,1104.673526,1512.451097,16:30:33,23762965
20220314_1.04_5_6_blurred,33,269.2426146,391.3965589,344.1928534,524.6325844,2.169,1542,-363.1090486,-48.11105449,561542,1.04,1119.929254,1507.901837,16:30:33,23762966
20220314_1.04_5_6_blurred,34,137.9775835,325.552961,287.9806713,531.5873874,2.514,1541,-363.5325481,-47.84511587,561541,1.04,1104.457953,1516.207488,16:30:33,23762965
20220314_1.04_5_6_blurred,34,261.7540625,378.4877343,341.9018388,517.8021621,2.165,1542,-363.1090076,-48.0039104,561542,1.04,1119.930754,1511.248104,16:30:33,23762966
20220314_1.04_5_6_blurred,35,133.7020819,317.8695616,282.7351144,529.6163474,2.678,1541,-363.538542,-47.73732017,561541,1.04,1104.238987,1519.574105,16:30:33,23762965
20220314_1.04_5_6_blurred,35,236.3179953,293.6503232,355.008302,503.3066261,2.635,1542,-363.102766,-47.86768404,561542,1.04,1120.158771,1515.502651,16:30:33,23762966
20220314_1.04_5_6_blurred,36,161.5493391,373.177364,266.066728,522.0559302,2.608,1541,-363.5315946,-47.64563978,561541,1.04,1104.492786,1522.437417,16:30:33,23762965
20220314_1.04_5_6_blurred,37,149.8042401,321.7689947,274.2720793,504.3350632,2.768,1541,-363.5230694,-47.52830306,561541,1.04,1104.804231,1526.102014,16:30:33,23762965
20220314_1.04_5_6_blurred,37,242.5915695,333.4329098,330.0642759,485.7091093,2.662,1542,-363.1011995,-47.72518489,561542,1.04,1120.215998,1519.953108,16:30:33,23762966
20220314_1.04_5_6_blurred,38,172.9419746,363.1392451,261.1874682,491.2648212,2.717,1541,-363.5027614,-47.42572659,561541,1.04,1105.546124,1529.305627,16:30:33,23762965
20220314_1.04_5_6_blurred,38,248.5909645,340.4827849,329.3300244,484.2622221,2.805,1542,-363.0944291,-47.62667153,561542,1.04,1120.463335,1523.029824,16:30:33,23762966
20220314_1.03_12_16_blurred,406,653.4475282,231.8067147,733.5637759,331.0082973,0.038,1192,-359.6041269,-48.18483527,12161192,1.03,1226.591183,1430.62776,16:30:34,12161192
20220314_1.03_12_16_blurred,407,653.541597,231.9674707,733.2641246,330.6758711,0.016,1192,-359.6009076,-48.17960948,12161192,1.03,1226.696166,1430.759388,16:30:34,12161192
20220314_1.03_12_16_blurred,408,653.3954184,231.2723266,733.63061,330.872523,0.043,1192,-359.5999551,-48.17818075,12161192,1.03,1226.727227,1430.795376,16:30:34,12161192
20220314_1.03_12_16_blurred,409,653.7620549,231.6945597,733.317513,330.5397692,0.017,1192,-359.5985633,-48.17596057,12161192,1.03,1226.772616,1430.851298,16:30:34,12161192
20220314_1.03_12_16_blurred,410,653.9118228,231.7306332,733.1755198,330.2701709,0.039,1192,-359.5977815,-48.17474366,12161192,1.03,1226.798113,1430.88195,16:30:34,12161192
20220314_1.03_12_16_blurred,411,653.8596562,231.9359817,733.0452495,330.3454729,0.017,1192,-359.5970566,-48.17359743,12161192,1.03,1226.821752,1430.910821,16:30:34,12161192
20220314_1.03_12_16_blurred,412,654.1466897,232.6892645,732.889814,330.4165239,0.038,1192,-359.5965542,-48.17280947,12161192,1.03,1226.838136,1430.930669,16:30:34,12161192
20220314_1.04_5_6_blurred,39,152.8201497,307.8263959,273.7989564,488.6762093,2.776,1541,-363.4972017,-47.33591322,561541,1.04,1105.749231,1532.110629,16:30:34,23762965
20220314_1.04_5_6_blurred,39,243.0109233,336.5203846,323.0269512,478.3753632,2.738,1542,-363.0950031,-47.51982787,561542,1.04,1120.442364,1526.366707,16:30:34,23762966
20220314_1.04_5_6_blurred,40,171.4804312,349.0939308,262.6843857,484.1452022,2.695,1541,-363.4795431,-47.26204594,561541,1.04,1106.394334,1534.417612,16:30:34,23762965
20220314_1.04_5_6_blurred,40,259.8956308,366.9137858,316.2207311,463.5236349,2.89,1542,-363.0724032,-47.41107892,561542,1.04,1121.267984,1529.763095,16:30:34,23762966
20220314_1.04_5_6_blurred,41,178.9526701,363.2615542,252.891733,470.6383268,2.774,1541,-363.4663244,-47.161889,561541,1.04,1106.877242,1537.545659,16:30:34,23762965
20220314_1.04_5_6_blurred,41,256.2455039,322.4533223,328.6689418,449.882726,2.839,1542,-363.0462233,-47.29867429,561542,1.04,1122.22439,1533.273656,16:30:34,23762966
20220314_1.04_5_6_blurred,42,177.0241045,361.2233887,243.5331572,455.9420498,2.745,1541,-363.4545278,-47.05003795,561541,1.04,1107.308196,1541.038931,16:30:34,23762965
20220314_1.04_5_6_blurred,42,256.7707289,314.0049714,328.9463891,443.6999785,2.922,1542,-363.023964,-47.20259072,561542,1.04,1123.03757,1536.274485,16:30:34,23762966
20220314_1.04_5_6_blurred,43,171.718025,356.0034879,239.8959593,452.8449746,2.788,1541,-363.4522162,-46.96100545,561541,1.04,1107.392642,1543.819546,16:30:34,23762965
20220314_1.04_5_6_blurred,43,255.2314589,306.2410215,328.6388511,440.5675113,2.834,1542,-363.0061671,-47.11903662,561542,1.04,1123.687724,1538.884002,16:30:34,23762966
20220314_1.03_12_16_blurred,413,654.2576734,232.8032004,732.7259849,330.1480604,0.016,1192,-359.596145,-48.17216457,12161192,1.03,1226.851481,1430.946913,16:30:35,12161192
20220314_1.03_12_16_blurred,414,654.1463147,232.2659843,732.8476783,329.930813,0.037,1192,-359.5923288,-48.16565855,12161192,1.03,1226.975929,1431.110788,16:30:35,12161192
20220314_1.04_5_6_blurred,44,170.5698725,352.6370197,239.6557977,451.3921582,2.721,1541,-363.4466908,-46.88817867,561541,1.04,1107.594498,1546.094032,16:30:35,23762965
20220314_1.04_5_6_blurred,44,255.0923116,302.4504865,325.3880492,432.4823861,2.889,1542,-362.9868167,-47.02928237,561542,1.04,1124.394635,1541.687158,16:30:35,23762966
20220314_1.04_5_6_blurred,45,170.2519757,342.4686071,242.3028962,447.0052947,0.881,1541,-363.439724,-46.82057269,561541,1.04,1107.849007,1548.205465,16:30:35,23762965
20220314_1.04_5_6_blurred,45,257.9663623,320.6481025,312.8376013,418.9680532,2.852,1542,-362.9700142,-46.91572652,561542,1.04,1125.008466,1545.233672,16:30:35,23762966
20220314_1.04_5_6_blurred,46,172.8086268,333.8840906,241.1667302,433.7938981,0.992,1541,-363.4262166,-46.72528197,561541,1.04,1108.342461,1551.181533,16:30:35,23762965
20220314_1.04_5_6_blurred,46,246.1133091,291.6898697,313.3001799,414.3839925,2.901,1542,-362.9647136,-46.82371946,561542,1.04,1125.202106,1548.107187,16:30:35,23762966
20220314_1.04_5_6_blurred,47,175.4980529,326.2565879,239.6256293,420.1205467,0.931,1541,-363.4086153,-46.6252064,561541,1.04,1108.985472,1554.307039,16:30:35,23762965
20220314_1.04_5_6_blurred,47,229.7753067,245.6117567,317.1337749,412.0171529,2.835,1542,-362.9663089,-46.73791586,561542,1.04,1125.143825,1550.786959,16:30:35,23762966
20220314_1.04_5_6_blurred,48,174.9157427,319.4169789,239.8543044,414.7272534,1.022,1541,-363.3936454,-46.53600398,561541,1.04,1109.532352,1557.092961,16:30:35,23762965
20220314_1.04_5_6_blurred,49,173.8298872,311.3572951,238.3370099,405.3256598,0.941,1541,-363.3777177,-46.43615309,561541,1.04,1110.114223,1560.21145,16:30:35,23762965
20220314_1.04_5_6_blurred,49,221.8620359,212.5127042,315.8896508,398.3135549,2.936,1542,-362.9608549,-46.61901986,561542,1.04,1125.343072,1554.500254,16:30:35,23762966
20220314_1.04_5_6_blurred,50,172.0701575,304.7905317,233.41221,393.2654303,1.054,1541,-363.3654963,-46.32039045,561541,1.04,1110.560697,1563.826886,16:30:35,23762965
20220314_1.04_5_6_blurred,50,234.9834436,249.9090788,305.2504283,388.6625778,2.896,1542,-362.9457848,-46.51290678,561542,1.04,1125.893613,1557.81432,16:30:35,23762966
20220314_2.05_4_52_blurred,6,375.4832894,79.66716919,419.1147819,177.9192627,0,1694,-363.0373314,-45.38643986,4521694,2.05,1165.799168,1657.831029,16:30:35,44426408
20220314_1.03_12_16_blurred,420,653.5212167,231.527746,733.6639683,331.1505047,0.023,1192,-359.5979426,-48.17532776,12161192,1.03,1226.792857,1430.867237,16:30:36,12161192
20220314_1.03_12_16_blurred,421,653.5313842,231.789686,733.6839792,331.5373828,0.042,1192,-359.5985416,-48.17638173,12161192,1.03,1226.773324,1430.84069,16:30:36,12161192
20220314_1.03_12_16_blurred,422,653.9163463,233.2380798,732.6307559,330.8001955,0.022,1192,-359.5971031,-48.17393262,12161192,1.03,1226.820235,1430.902378,16:30:36,12161192
20220314_1.04_5_6_blurred,51,168.5076286,297.0905218,232.2871867,388.9111608,0.986,1541,-363.3556677,-46.22358026,561541,1.04,1110.919757,1566.850409,16:30:36,23762965
20220314_1.04_5_6_blurred,51,240.4828965,268.8164231,299.25528,383.6418186,0.968,1542,-362.935538,-46.41403042,561542,1.04,1126.267952,1560.902373,16:30:36,23762966
20220314_1.04_5_6_blurred,52,165.5733499,286.6882773,234.7641333,387.4073689,1.033,1541,-363.347269,-46.14597319,561541,1.04,1111.226577,1569.274191,16:30:36,23762965
20220314_1.04_5_6_blurred,52,240.329331,274.5958335,295.8728676,381.0217168,1.084,1542,-362.9266873,-46.33387452,561542,1.04,1126.591284,1563.405759,16:30:36,23762966
20220314_1.04_5_6_blurred,53,166.7328075,282.2230952,237.7282979,386.3850622,0.96,1541,-363.3364575,-46.08439075,561541,1.04,1111.621544,1571.197501,16:30:36,23762965
20220314_1.04_5_6_blurred,53,233.7906941,253.1805396,297.2231126,375.6043581,1.027,1542,-362.9197955,-46.24386965,561542,1.04,1126.843055,1566.216742,16:30:36,23762966
20220314_1.04_5_6_blurred,54,177.8440661,281.6959294,237.7321341,369.7289324,0.936,1541,-363.3067995,-45.97204142,561541,1.04,1112.705009,1574.706334,16:30:36,23762965
20220314_1.04_5_6_blurred,54,217.5980536,216.0884404,294.6378988,367.7264935,1.099,1542,-362.9239776,-46.14030805,561542,1.04,1126.690274,1569.451122,16:30:36,23762966
20220314_1.04_5_6_blurred,55,183.9445645,277.8142159,239.2069893,359.5596116,0.955,1541,-363.2767705,-45.87396667,561541,1.04,1113.802032,1577.769351,16:30:36,23762965
20220314_1.04_5_6_blurred,55,216.2384721,196.9437977,298.0659366,364.5077246,1.049,1542,-362.9178159,-46.06221823,561542,1.04,1126.915374,1571.889981,16:30:36,23762966
20220314_1.05_5_5_blurred,502,593.7695632,649.2308838,674.4094407,718.9142822,0,809,-362.6489479,-45.14981812,55809,1.05,1133.370699,1642.221297,16:30:36,31638782
20220314_1.05_5_5_blurred,506,391.2541692,495.3862671,684.2844539,719.066687,0,810,-362.6239928,-44.65335769,55810,1.05,1134.313311,1656.238996,16:30:36,31638783
20220314_1.05_5_5_blurred,507,368.4637314,461.9484132,702.123166,719.4456792,0,810,-362.6233904,-44.64327667,55810,1.05,1134.336068,1656.523636,16:30:36,31638783
20220314_2.05_4_52_blurred,7,379.6043852,79.31537731,423.4050609,178.1901503,0.351,1694,-363.0206074,-45.35561075,4521694,2.05,1166.336264,1658.818105,16:30:36,44426408
20220314_2.05_4_52_blurred,8,390.2112332,79.17987149,434.3301903,178.3824571,0.873,1694,-363.0224079,-45.30622601,4521694,2.05,1166.278439,1660.399288,16:30:36,44426408
20220314_2.05_4_52_blurred,11,382.5931089,79.76246857,432.0317247,190.1505037,1.235,1694,-362.876507,-45.27167474,4521694,2.05,1170.964079,1661.505539,16:30:36,44426408
20220314_2.05_4_52_blurred,12,380.6543572,81.95977094,433.6933329,200.3845359,2.326,1694,-362.7153061,-45.21961531,4521694,2.05,1176.14108,1663.172359,16:30:36,44426408
20220314_2.05_4_52_blurred,13,380.7291544,82.76294703,434.9756463,204.0065465,2.425,1694,-362.5716505,-45.18210121,4521694,2.05,1180.75461,1664.373473,16:30:36,44426408
20220314_1.04_5_6_blurred,56,185.8597818,272.7636189,241.3290568,355.8248994,0.931,1541,-363.2486199,-45.78558874,561541,1.04,1114.830431,1580.529523,16:30:37,23762965
20220314_1.04_5_6_blurred,56,224.8682158,227.9848783,291.4531917,363.2099984,1.016,1542,-362.9140144,-45.9968958,561542,1.04,1127.054251,1573.930095,16:30:37,23762966
20220314_1.04_5_6_blurred,57,184.404237,264.8747205,242.7088984,353.5676476,0.956,1541,-363.226713,-45.71200431,561541,1.04,1115.630733,1582.827672,16:30:37,23762965
20220314_1.04_5_6_blurred,57,223.1880726,198.4234557,299.1728806,358.6625763,1.008,1542,-362.8989609,-45.92961101,561542,1.04,1127.604187,1576.031498,16:30:37,23762966
20220314_1.04_5_6_blurred,58,187.2769115,261.069307,242.844179,347.0601594,0.89,1541,-363.1999722,-45.63105163,561541,1.04,1116.60763,1585.355942,16:30:37,23762965
20220314_1.04_5_6_blurred,59,191.5543035,253.706446,244.5573592,335.1432909,0.937,1541,-363.1657975,-45.52486502,561541,1.04,1117.856102,1588.672305,16:30:37,23762965
20220314_1.04_5_6_blurred,60,203.2276527,244.9689555,257.487206,327.2867173,0.912,1541,-363.1117192,-45.43649287,561541,1.04,1119.831691,1591.432296,16:30:37,23762965
20220314_1.04_5_6_blurred,61,215.4137804,238.6710657,274.4731022,324.9082334,0.964,1541,-363.0480736,-45.3720186,561541,1.04,1122.156794,1593.445921,16:30:37,23762965
20220314_1.04_5_6_blurred,62,221.2544172,231.5824943,281.736811,320.0913413,0.901,1541,-362.9876901,-45.30773072,561541,1.04,1124.362728,1595.453725,16:30:37,23762965
20220314_1.05_5_5_blurred,508,418.1188429,501.8037518,661.6946662,691.1754105,0,810,-362.489588,-44.63879361,55810,1.05,1139.390092,1656.650217,16:30:37,31638783
20220314_1.05_5_5_blurred,509,376.6709703,586.1944336,540.5954848,719.8303711,0,811,-362.6004865,-44.26003204,55811,1.05,1135.201201,1667.344656,16:30:37,31638784
20220314_1.05_5_5_blurred,510,360.0141468,550.4031121,565.7644555,719.1403179,0,811,-362.6016625,-44.27970966,55811,1.05,1135.156781,1666.789052,16:30:37,31638784
20220314_1.05_5_5_blurred,510,431.6852523,478.2822841,636.5507347,640.8941788,1.356,810,-362.3591459,-44.60181489,55810,1.05,1144.317191,1657.694321,16:30:37,31638783
20220314_1.05_5_5_blurred,511,354.0658731,518.2026479,595.6900214,718.3292295,0,811,-362.6005353,-44.33772966,55811,1.05,1135.199355,1665.150841,16:30:37,31638784
20220314_1.05_5_5_blurred,511,438.3856376,448.3917458,634.852672,607.8730478,1.679,810,-362.3012277,-44.59463674,55810,1.05,1146.504897,1657.896998,16:30:37,31638783
20220314_1.05_5_5_blurred,512,349.1243422,485.9516844,625.2648108,718.6607524,0,811,-362.6043764,-44.40216124,55811,1.05,1135.054268,1663.331598,16:30:37,31638784
20220314_1.05_5_5_blurred,512,455.4854596,414.898149,630.3627203,558.452589,2.047,810,-362.1446257,-44.57336536,55810,1.05,1152.420116,1658.497602,16:30:37,31638783
20220314_2.05_4_52_blurred,14,379.4958388,82.30498717,436.4864806,210.5615251,3.04,1694,-362.4081011,-45.13924886,4521694,2.05,1186.007032,1665.745504,16:30:37,44426408
20220314_2.05_4_52_blurred,15,378.5533066,84.64527205,438.0910577,219.7632921,3.158,1694,-362.2141576,-45.08881538,4521694,2.05,1192.235569,1667.360266,16:30:37,44426408
20220314_2.05_4_52_blurred,16,376.749054,88.42662528,437.4774327,226.8615508,3.653,1694,-362.0277291,-45.04783099,4521694,2.05,1198.222759,1668.67249,16:30:37,44426408
20220314_2.05_4_52_blurred,17,381.3640485,123.7825112,428.7854891,229.4066179,3.593,1694,-361.8759197,-45.0204789,4521694,2.05,1203.098153,1669.548239,16:30:37,44426408
20220314_2.05_4_52_blurred,18,365.8424336,104.0957431,426.442557,241.8689355,4.073,1694,-361.6510847,-45.01040014,4521694,2.05,1210.318775,1669.870938,16:30:37,44426408
20220314_1.04_5_6_blurred,63,233.5167144,224.462478,289.0877338,309.1389893,0.94,1541,-362.9099716,-45.21881187,561541,1.04,1127.201943,1598.230791,16:30:38,23762965
20220314_1.04_5_6_blurred,64,236.8676347,215.8404681,294.6133344,306.166028,0.93,1541,-362.8493217,-45.15480534,561541,1.04,1129.417607,1600.229808,16:30:38,23762965
20220314_1.04_5_6_blurred,65,243.5757225,209.9666052,301.4589202,304.1804934,0.955,1541,-362.7827153,-45.10015314,561541,1.04,1131.850875,1601.936676,16:30:38,23762965
20220314_1.05_5_5_blurred,513,352.4287478,454.0141679,644.6278229,706.3609923,0,811,-362.5508185,-44.44410632,55811,1.05,1137.077277,1662.147267,16:30:38,31638784
20220314_1.05_5_5_blurred,514,365.4657008,417.2911703,648.762027,669.0827731,0.891,811,-362.4618052,-44.4469028,55811,1.05,1140.439512,1662.068307,16:30:38,31638784
20220314_1.05_5_5_blurred,515,370.3623677,387.1125244,657.4815477,651.258304,0.989,811,-362.4323427,-44.45062886,55811,1.05,1141.552378,1661.963101,16:30:38,31638784
20220314_1.05_5_5_blurred,515,415.8287977,250.1173921,692.3331775,489.6790955,3.337,810,-361.9319881,-44.56122931,55810,1.05,1160.451931,1658.840266,16:30:38,31638783
20220314_1.05_5_5_blurred,516,369.8745359,358.519349,659.2247032,634.7942034,1.091,811,-362.3623823,-44.44832147,55811,1.05,1144.194946,1662.028251,16:30:38,31638784
20220314_1.05_5_5_blurred,517,384.4287675,332.2068513,652.0812076,596.6009985,1.683,811,-362.2612342,-44.44150655,55811,1.05,1148.015543,1662.220672,16:30:38,31638784
20220314_1.05_5_5_blurred,519,446.4489589,400.6334717,575.3341221,550.6166382,0,812,-361.6695825,-44.31657264,55812,1.05,1170.363598,1665.748216,16:30:38,31638785
20220314_2.05_4_52_blurred,19,361.9063083,101.8946832,425.4860352,249.2760589,4.055,1694,-361.456191,-44.99424402,4521694,2.05,1216.577829,1670.388218,16:30:38,44426408
20220314_2.05_4_52_blurred,20,364.9278284,121.9527099,420.3678508,252.0127136,4.234,1694,-361.2956826,-44.98389056,4521694,2.05,1221.73259,1670.719712,16:30:38,44426408
20220314_2.05_4_52_blurred,21,353.8402793,109.4847424,418.5055227,262.6274606,4.214,1694,-361.0944623,-44.9792286,4521694,2.05,1228.194823,1670.868977,16:30:38,44426408
20220314_2.05_4_52_blurred,22,347.7298016,110.290923,415.945093,272.3931265,4.462,1694,-360.894548,-44.9743901,4521694,2.05,1234.615112,1671.023894,16:30:38,44426408
20220314_2.05_4_52_blurred,23,352.620608,146.9115802,408.331864,275.517927,4.371,1694,-360.7425856,-44.96949037,4521694,2.05,1239.495417,1671.180772,16:30:38,44426408
20220314_2.05_4_52_blurred,24,357.0637307,171.8521452,403.4088303,277.0452475,4.415,1694,-360.614228,-44.96267662,4521694,2.05,1243.617649,1671.398932,16:30:38,44426408
20220314_2.05_4_52_blurred,25,357.9632226,181.3959996,401.2725239,277.3848473,4.269,1694,-360.5239755,-44.96257965,4521694,2.05,1246.516127,1671.402037,16:30:38,44426408
20220314_2.05_4_52_blurred,25,401.8519037,183.0004883,421.1599005,245.5549622,0,1696,-360.989504,-44.76999026,4521696,2.05,1231.565579,1677.568297,16:30:38,44426410
20220314_1.04_5_6_blurred,71,404.7904321,110.1578064,465.0814673,224.9957886,0,1545,-360.6166515,-43.97619117,561545,1.04,1210.9816,1637.039647,16:30:39,23762969
20220314_1.04_5_6_blurred,72,408.4037104,109.3234948,468.7970711,224.5085775,0.225,1545,-360.5964226,-43.98601231,561545,1.04,1211.720606,1636.732918,16:30:39,23762969
20220314_1.04_5_6_blurred,73,412.0233649,108.8942616,472.6552618,224.969292,0.35,1545,-360.5829173,-43.9925691,561545,1.04,1212.21398,1636.52814,16:30:39,23762969
20220314_1.04_5_6_blurred,74,418.9102716,108.5157738,479.5087045,224.6803351,0.457,1545,-360.5479572,-44.00954218,561545,1.04,1213.491143,1635.998046,16:30:39,23762969
20220314_1.05_5_5_blurred,520,451.8374755,380.5344176,569.4700371,517.7269055,1.153,812,-361.5567708,-44.29258276,55812,1.05,1174.624757,1666.425577,16:30:39,31638785
20220314_1.05_5_5_blurred,521,448.2817793,357.1969229,569.2051271,498.793426,1.389,812,-361.5121824,-44.27905363,55812,1.05,1176.308963,1666.807576,16:30:39,31638785
20220314_1.05_5_5_blurred,522,439.8088897,343.9294671,565.4981773,491.4720443,1.425,812,-361.4406491,-44.25014702,55812,1.05,1179.010942,1667.623762,16:30:39,31638785
20220314_1.05_5_5_blurred,523,433.2673511,332.0607726,551.4351666,469.382319,1.979,812,-361.3462197,-44.20302521,55812,1.05,1182.577759,1668.954259,16:30:39,31638785
20220314_1.05_5_5_blurred,524,423.0289914,320.8250898,540.210656,454.5353605,2.017,812,-361.2502586,-44.14504468,55812,1.05,1186.20243,1670.591356,16:30:39,31638785
20220314_2.05_4_52_blurred,26,356.0757945,179.703709,402.9283986,283.3018566,4.292,1694,-360.4068898,-44.94946902,4521694,2.05,1250.276358,1671.821809,16:30:39,44426408
20220314_2.05_4_52_blurred,26,394.6517037,178.1538915,416.6562197,248.6164954,0.466,1696,-360.9512434,-44.79667544,4521696,2.05,1232.794329,1676.7139,16:30:39,44426410
20220314_2.05_4_52_blurred,27,353.8528551,182.4824473,403.2609857,291.8318169,4.206,1694,-360.2793992,-44.9345376,4521694,2.05,1254.370747,1672.299878,16:30:39,44426408
20220314_2.05_4_52_blurred,27,390.4829224,182.1896365,414.1659936,256.6866271,1.173,1696,-360.8837853,-44.7939121,4521696,2.05,1234.960758,1676.802376,16:30:39,44426410
20220314_2.05_4_52_blurred,28,354.7576558,182.7052204,406.6234837,298.4168745,1.456,1694,-360.1488386,-44.90615772,4521694,2.05,1258.563728,1673.208535,16:30:39,44426408
20220314_2.05_4_52_blurred,28,395.6470968,185.9610471,416.7090453,251.1175822,0.847,1696,-360.8907782,-44.79539455,4521696,2.05,1234.736182,1676.754912,16:30:39,44426410
20220314_2.05_4_52_blurred,29,357.7797489,191.6863819,408.0570487,303.9113657,1.545,1694,-360.0295833,-44.87663702,4521694,2.05,1262.393638,1674.153718,16:30:39,44426408
20220314_2.05_4_52_blurred,29,400.3996912,192.5130996,422.4006769,258.9022222,1.317,1696,-360.8124076,-44.76358163,4521696,2.05,1237.253068,1677.773486,16:30:39,44426410
20220314_2.05_4_52_blurred,30,363.071178,195.7280369,412.4738889,305.1100072,1.543,1694,-359.9344388,-44.83716819,4521694,2.05,1265.449223,1675.417418,16:30:39,44426408
20220314_2.05_4_52_blurred,30,410.1978195,195.0667673,434.7491054,265.8402738,1.4,1696,-360.7310708,-44.6998653,4521696,2.05,1239.865218,1679.813534,16:30:39,44426410
20220314_1.04_5_6_blurred,77,434.4113652,99.72623687,496.313806,220.0669694,1.038,1545,-360.4619874,-44.01036514,561545,1.04,1216.631797,1635.972344,16:30:40,23762969
20220314_1.04_5_6_blurred,78,442.8123486,94.96165177,505.2671264,218.4018814,1.128,1545,-360.3823712,-44.01448347,561545,1.04,1219.540338,1635.843722,16:30:40,23762969
20220314_1.04_5_6_blurred,79,450.1416823,99.97983184,508.1893773,217.3628849,1.408,1545,-360.3048113,-44.01605148,561545,1.04,1222.37376,1635.794751,16:30:40,23762969
20220314_1.04_5_6_blurred,79,403.3168747,161.1981812,441.4384842,223.3574463,0,1546,-360.7266194,-43.89247965,561546,1.04,1206.964249,1639.65408,16:30:40,23762970
20220314_1.05_5_5_blurred,525,401.1925781,305.9972563,527.5677575,450.8068013,2.325,812,-361.1732752,-44.07001777,55812,1.05,1189.110271,1672.709761,16:30:40,31638785
20220314_1.05_5_5_blurred,526,400.2842199,289.7515231,497.6170054,402.5461389,2.587,812,-360.9824408,-43.95781327,55812,1.05,1196.318527,1675.877887,16:30:40,31638785
20220314_1.05_5_5_blurred,527,393.0156219,271.3755497,489.1856986,384.6946238,3.07,812,-360.836523,-43.86349525,55812,1.05,1201.830181,1678.540982,16:30:40,31638785
20220314_2.05_4_52_blurred,31,377.8225827,198.2833845,428.8126357,305.3008907,1.598,1694,-359.8635771,-44.75925984,4521694,2.05,1267.724961,1677.91186,16:30:40,44426408
20220314_2.05_4_52_blurred,31,418.4869848,196.8405963,444.0522113,269.0588173,1.814,1696,-360.6461555,-44.62807798,4521696,2.05,1242.592289,1682.111995,16:30:40,44426410
20220314_2.05_4_52_blurred,32,387.6223962,187.0170672,446.1038017,305.4773744,1.499,1694,-359.8082119,-44.67585759,4521694,2.05,1269.503028,1680.582204,16:30:40,44426408
20220314_2.05_4_52_blurred,33,397.6484718,190.9205121,455.1928127,305.150688,1.529,1694,-359.7658127,-44.58815319,4521694,2.05,1270.864687,1683.390293,16:30:40,44426408
20220314_2.05_4_52_blurred,34,412.2137227,195.5305917,470.3666867,310.2537218,1.448,1694,-359.6983547,-44.47272207,4521694,2.05,1273.031116,1687.086126,16:30:40,44426408
20220314_2.05_4_52_blurred,35,430.0861147,197.3795974,489.5226754,311.1613746,1.494,1694,-359.6537287,-44.34214865,4521694,2.05,1274.464287,1691.26678,16:30:40,44426408
20220314_2.05_4_52_blurred,36,444.2373244,200.992539,503.4971673,312.228587,1.385,1694,-359.6087009,-44.21121062,4521694,2.05,1275.910365,1695.459109,16:30:40,44426408
20220314_2.05_4_52_blurred,37,461.6400762,178.8486818,532.6746663,313.0094906,1.441,1694,-359.5700225,-44.04020349,4521694,2.05,1277.152532,1700.934355,16:30:40,44426408
20220314_1.04_5_6_blurred,80,405.8067844,158.521061,445.5519613,223.2791136,0.167,1546,-360.7115582,-43.89977241,561546,1.04,1207.514465,1639.426316,16:30:41,23762970
20220314_1.04_5_6_blurred,81,406.2515876,154.4271092,448.546119,223.1165778,0.211,1546,-360.7048582,-43.90301664,561546,1.04,1207.759232,1639.324994,16:30:41,23762970
20220314_1.04_5_6_blurred,82,400.8706592,135.1860852,454.4420233,222.8773842,0.203,1546,-360.6939913,-43.89812681,561546,1.04,1208.156222,1639.47771,16:30:41,23762970
20220314_1.04_5_6_blurred,83,396.2369772,117.2911874,459.8648917,223.043875,0.238,1546,-360.6883792,-43.9076129,561546,1.04,1208.361243,1639.181446,16:30:41,23762970
20220314_1.04_5_6_blurred,84,389.0308592,99.11126692,462.4624637,223.7353808,0.18,1546,-360.69295,-43.9042725,561546,1.04,1208.194262,1639.285772,16:30:41,23762970
20220314_1.04_5_6_blurred,85,384.5100388,90.84978374,460.6483797,223.3314483,0.155,1546,-360.7026642,-43.90144951,561546,1.04,1207.839384,1639.373938,16:30:41,23762970
20220314_1.04_5_6_blurred,86,383.0176846,87.91652729,453.2750065,213.5633372,0.307,1546,-360.6847212,-43.80810603,561546,1.04,1208.494878,1642.289191,16:30:41,23762970
20220314_2.05_4_52_blurred,38,476.6578424,196.9706054,537.9405734,312.9447244,1.406,1694,-359.5478416,-43.90610999,4521694,2.05,1277.864874,1705.227714,16:30:41,44426408
20220314_2.05_4_52_blurred,39,486.5505466,201.6426255,545.0275429,311.9007964,1.352,1694,-359.533376,-43.77740389,4521694,2.05,1278.329442,1709.348581,16:30:41,44426408
20220314_1.04_5_6_blurred,87,380.5396363,85.08033689,447.5376736,209.4335383,0.592,1546,-360.6808964,-43.73466865,561546,1.04,1208.634605,1644.582747,16:30:42,23762970
20220314_1.04_5_6_blurred,88,378.8789771,84.2888988,442.9703251,208.335114,0.672,1546,-360.6834946,-43.66278045,561546,1.04,1208.539688,1646.82792,16:30:42,23762970
20220314_1.04_5_6_blurred,90,390.5348489,74.65160379,450.9438294,195.7850999,1.224,1546,-360.5995987,-43.51330924,561546,1.04,1211.604575,1651.496124,16:30:42,23762970
20220314_2.05_4_52_blurred,46,637.024428,192.5432251,713.1863386,302.4192871,0,1698,-359.617975,-41.62370318,4521698,2.05,1275.612527,1778.305019,16:30:42,44426412
20220314_2.05_4_52_blurred,47,650.4767852,202.590344,721.4521502,305.7103087,0.641,1698,-359.5848812,-41.56877032,4521698,2.05,1276.675339,1780.06384,16:30:42,44426412
20220314_2.05_4_52_blurred,48,670.9389303,202.9628823,755.7353187,326.3880157,2.733,1698,-359.4368581,-41.47462238,4521698,2.05,1281.429133,1783.078236,16:30:42,44426412
20220314_2.05_4_52_blurred,49,682.4566721,208.0135384,770.9137655,337.238085,2.857,1698,-359.3025237,-41.38429042,4521698,2.05,1285.743312,1785.970453,16:30:42,44426412
20220314_1.04_5_6_blurred,92,393.7113409,64.16716943,450.0377045,181.9940135,1.493,1546,-360.5130795,-43.30824339,561546,1.04,1214.765298,1657.900629,16:30:43,23762970
20220314_1.04_5_6_blurred,93,394.3908657,60.76626901,449.0499699,179.4526617,1.866,1546,-360.4450974,-43.1644471,561546,1.04,1217.248823,1662.391597,16:30:43,23762970
20220314_1.04_5_6_blurred,94,394.3371623,54.60765494,448.7263943,176.1092887,1.97,1546,-360.3783799,-43.01241674,561546,1.04,1219.686149,1667.139727,16:30:43,23762970
20220314_1.04_5_6_blurred,95,399.048391,61.66972315,446.5153793,168.0183027,2.378,1546,-360.2929216,-42.82878493,561546,1.04,1222.808114,1672.874816,16:30:43,23762970
20220314_1.04_5_6_blurred,98,406.0956522,60.2321289,447.8981695,155.7450854,2.581,1546,-360.1648489,-42.57805335,561546,1.04,1227.486872,1680.705529,16:30:43,23762970
20220314_2.05_4_52_blurred,50,700.6901265,214.5773956,786.7230721,340.6650644,3.6,1698,-359.1897079,-41.26369654,4521698,2.05,1289.366416,1789.831586,16:30:43,44426412
20220314_2.05_4_52_blurred,51,732.0031071,216.3849613,817.6763837,341.104998,3.637,1698,-359.0991336,-41.08126628,4521698,2.05,1292.275227,1795.672574,16:30:43,44426412
20220314_2.05_4_52_blurred,52,748.8831688,214.8683248,835.7533933,340.7759719,4.102,1698,-359.036577,-40.9145143,4521698,2.05,1294.284247,1801.011581,16:30:43,44426412
20220314_2.05_4_52_blurred,53,782.133884,213.1724763,866.5289281,337.6066985,4.122,1698,-359.0007621,-40.67713164,4521698,2.05,1295.434451,1808.612016,16:30:43,44426412
20220314_2.05_4_52_blurred,54,799.4120745,183.1830244,899.965541,333.6317561,4.641,1698,-358.9900006,-40.44398454,4521698,2.05,1295.780058,1816.076838,16:30:43,44426412
20220314_1.04_5_6_blurred,99,409.1558944,56.72873929,447.7317841,146.2282051,3.094,1546,-360.0377377,-42.32552558,561546,1.04,1232.130504,1688.592339,16:30:44,23762970
20220314_1.04_5_6_blurred,100,408.9563056,58.82222893,445.2878325,142.8195237,3.202,1546,-359.9304768,-42.09682012,561546,1.04,1236.048961,1695.735144,16:30:44,23762970
20220314_1.04_5_6_blurred,101,404.021367,53.44018783,442.428084,141.4368825,3.46,1546,-359.85892,-41.90730873,561546,1.04,1238.66308,1701.653861,16:30:44,23762970
20220314_1.04_5_6_blurred,102,394.6274882,45.43860809,436.2896789,143.0018875,3.417,1546,-359.8411182,-41.77306927,561546,1.04,1239.313414,1705.846355,16:30:44,23762970
20220314_1.04_5_6_blurred,103,392.7918559,48.23881436,432.2956524,142.5082781,1.259,1546,-359.8177578,-41.64370256,561546,1.04,1240.166818,1709.886666,16:30:44,23762970
20220314_2.05_4_52_blurred,55,811.9676479,164.4809163,922.135023,331.8430443,4.593,1698,-358.9846572,-40.21513125,4521698,2.05,1295.951661,1823.404183,16:30:44,44426412
20220314_2.05_4_52_blurred,56,834.0095301,152.000603,947.1586662,329.2136842,5.035,1698,-358.9889022,-39.96847224,4521698,2.05,1295.815333,1831.301625,16:30:44,44426412
20220314_2.05_4_52_blurred,57,851.5421702,140.4709832,966.7058227,327.3060774,4.983,1698,-358.9988364,-39.73107033,4521698,2.05,1295.496295,1838.902677,16:30:44,44426412
20220314_2.05_4_52_blurred,57,801.6885604,197.6698547,848.5266252,300.3013,0,1701,-359.6158643,-39.83780043,4521701,2.05,1275.680312,1835.48543,16:30:44,44426415
20220314_2.05_4_52_blurred,58,861.6001277,133.2191439,976.2377829,325.3329503,5.204,1698,-359.0154141,-39.52833075,4521698,2.05,1294.963899,1845.393922,16:30:44,44426412
20220314_2.05_4_52_blurred,58,809.2233098,172.2607125,862.4793002,289.5636724,1.517,1701,-359.7361851,-39.74533217,4521701,2.05,1271.816183,1838.446046,16:30:44,44426415
20220314_2.05_4_52_blurred,59,882.0998076,173.0703702,968.4684287,316.7989851,5.078,1698,-359.0827485,-39.33310199,4521698,2.05,1292.80144,1851.644688,16:30:44,44426412
20220314_2.05_4_52_blurred,59,817.4263273,174.197447,867.2409731,284.1497767,1.721,1701,-359.773041,-39.70661011,4521701,2.05,1270.632549,1839.685836,16:30:44,44426415
20220314_2.05_4_52_blurred,60,895.1108727,188.8593094,965.3428416,304.5061267,5.232,1698,-359.1916234,-39.15080528,4521698,2.05,1289.3049,1857.481401,16:30:44,44426412
20220314_2.05_4_52_blurred,60,825.6527549,182.0992445,870.4367814,280.4740212,1.862,1701,-359.8566674,-39.62864426,4521701,2.05,1267.946868,1842.182119,16:30:44,44426415
20220314_2.05_4_52_blurred,61,898.7041168,191.4346146,963.4540332,298.2142403,5.07,1698,-359.2938062,-39.00241633,4521698,2.05,1286.023277,1862.232466,16:30:44,44426412
20220314_2.05_4_52_blurred,61,829.4776184,178.7465179,869.8560415,266.426528,2.81,1701,-360.0067757,-39.55565753,4521701,2.05,1263.126108,1844.518983,16:30:44,44426415
20220314_2.05_4_52_blurred,62,825.9712824,172.5277563,867.6770077,261.4761867,2.768,1701,-360.127678,-39.50584312,4521701,2.05,1259.243305,1846.113923,16:30:45,44426415
20220314_2.05_4_52_blurred,63,823.678675,168.3364474,866.8965031,259.1201833,3.041,1701,-360.2378253,-39.46335687,4521701,2.05,1255.7059,1847.474233,16:30:45,44426415
20220314_2.05_4_52_blurred,64,823.6010027,165.1835808,862.215242,245.0433183,3.154,1701,-360.4357285,-39.41301909,4521701,2.05,1249.350199,1849.085931,16:30:45,44426415
20220314_2.05_4_52_blurred,64,878.7499319,171.2268799,936.074116,268.5516785,0,1702,-360.354194,-38.54719641,4521702,2.05,1251.968697,1876.807539,16:30:45,44426416
20220314_2.05_4_52_blurred,65,822.6200736,156.8962086,861.7727925,237.9710668,3.616,1701,-360.6125979,-39.36194554,4521701,2.05,1243.67,1850.721186,16:30:45,44426415
20220314_2.05_4_52_blurred,65,875.5923627,163.4574367,928.1333751,252.8686424,2.12,1702,-360.5638605,-38.51570136,4521702,2.05,1245.235212,1877.815936,16:30:45,44426416
20220314_2.05_4_52_blurred,66,818.3252896,148.7557585,858.7348691,233.5346799,3.581,1701,-360.7797298,-39.33522446,4521701,2.05,1238.302523,1851.576732,16:30:45,44426415
20220314_2.05_4_52_blurred,66,868.036803,152.5040246,920.7574374,242.8755816,2.605,1702,-360.6536366,-38.5174796,4521702,2.05,1242.352033,1877.759001,16:30:45,44426416
20220314_2.05_4_52_blurred,67,814.7534146,142.7434757,851.8920173,220.4884082,4.13,1701,-361.021175,-39.29912473,4521701,2.05,1230.54846,1852.73256,16:30:46,44426415
20220314_2.05_4_52_blurred,67,852.7905455,129.0737165,915.358432,237.6032282,2.695,1702,-360.8032922,-38.53895519,4521702,2.05,1237.545812,1877.071403,16:30:46,44426416
20220314_2.05_4_52_blurred,68,807.2254457,139.525048,843.7473796,215.216179,4.085,1701,-361.2126126,-39.30257303,4521701,2.05,1224.400402,1852.622154,16:30:46,44426415
20220314_2.05_4_52_blurred,68,844.3051043,114.3991943,907.0991307,225.0329309,3.723,1702,-360.9989674,-38.55228672,4521702,2.05,1231.261663,1876.644559,16:30:46,44426416
20220314_2.05_4_52_blurred,69,800.8346996,135.8986435,837.1639543,209.9296569,4.404,1701,-361.4243826,-39.30955921,4521701,2.05,1217.599361,1852.398473,16:30:46,44426415
20220314_2.05_4_52_blurred,69,837.9588575,122.3738362,891.2689519,216.3497619,3.798,1702,-361.2067694,-38.58936062,4521702,2.05,1224.588055,1875.45754,16:30:46,44426416
20220314_2.05_4_52_blurred,70,790.7101811,118.2622114,830.9316369,200.7738282,4.405,1701,-361.6583395,-39.32908495,4521701,2.05,1210.085786,1851.773304,16:30:46,44426415
20220314_2.05_4_52_blurred,70,829.1684594,125.8194663,879.1043431,213.1895105,4.268,1702,-361.3773206,-38.6468253,4521702,2.05,1219.110768,1873.617656,16:30:46,44426416
20220314_2.05_4_52_blurred,71,784.5541002,100.6959494,821.2216085,176.1482069,5.22,1701,-362.0775563,-39.31445839,4521701,2.05,1196.62255,1852.241613,16:30:46,44426415
20220314_2.05_4_52_blurred,71,822.1845612,124.8091256,867.9111451,204.618406,4.307,1702,-361.6020848,-38.69607504,4521702,2.05,1211.892418,1872.040795,16:30:46,44426416
20220314_2.05_4_52_blurred,72,776.6484143,78.92437259,816.7131623,163.7435577,5.367,1701,-362.4630019,-39.31140595,4521701,2.05,1184.243882,1852.339345,16:30:46,44426415
20220314_2.05_4_52_blurred,72,816.0522369,120.9253378,858.9870148,197.201139,4.799,1702,-361.8143854,-38.75151248,4521702,2.05,1205.074339,1870.265818,16:30:46,44426416
20220314_2.05_4_52_blurred,73,772.2433022,66.44552256,814.4611047,159.6665721,5.847,1701,-362.8037225,-39.30967849,4521701,2.05,1173.301569,1852.394654,16:30:46,44426415
20220314_2.05_4_52_blurred,73,807.6134258,117.8286222,850.2351107,194.8043294,4.707,1702,-361.9992801,-38.82487721,4521702,2.05,1199.136407,1867.916852,16:30:46,44426416
20220314_2.05_4_52_blurred,74,804.0644943,113.3921222,847.3808725,192.2891213,4.89,1702,-362.1593874,-38.87881339,4521702,2.05,1193.994527,1866.189942,16:30:47,44426416
20220314_2.05_4_52_blurred,76,792.4681697,106.0861078,832.5047588,178.7919714,4.967,1702,-362.4418641,-38.94737831,4521702,2.05,1184.922726,1863.994654,16:30:47,44426416
20220314_2.05_4_52_blurred,77,785.5041602,101.5659797,824.2224934,172.6543645,5.309,1702,-362.6681771,-39.01415539,4521702,2.05,1177.654637,1861.856609,16:30:47,44426416
20220314_2.05_4_52_blurred,78,782.3924673,96.30364921,817.8735057,162.6005266,5.368,1702,-362.9730511,-39.051896,4521702,2.05,1167.863545,1860.648243,16:30:47,44426416
